age,job,marital,education,default,balance,housing,loan,contact,day,month,duration,campaign,pdays,previous,poutcome,y
47,blue-collar,married,unknown,no,1506,yes,no,unknown,5,may,92,1,-1,0,unknown,no
35,management,married,tertiary,no,231,yes,no,unknown,5,may,139,1,-1,0,unknown,no
46,management,single,secondary,no,-246,yes,no,unknown,5,may,255,2,-1,0,unknown,no
36,technician,single,secondary,no,265,yes,yes,unknown,5,may,348,1,-1,0,unknown,no
49,management,married,tertiary,no,378,yes,no,unknown,5,may,230,1,-1,0,unknown,no
59,blue-collar,married,secondary,no,0,yes,no,unknown,5,may,226,1,-1,0,unknown,no
58,self-employed,married,tertiary,no,-364,yes,no,unknown,5,may,355,1,-1,0,unknown,no
54,blue-collar,married,secondary,no,1291,yes,no,unknown,5,may,266,1,-1,0,unknown,no
32,management,married,tertiary,no,0,yes,no,unknown,5,may,179,1,-1,0,unknown,no
38,entrepreneur,single,tertiary,no,243,no,yes,unknown,5,may,174,1,-1,0,unknown,no
33,services,married,secondary,no,790,yes,no,unknown,5,may,391,1,-1,0,unknown,no
59,management,divorced,tertiary,no,59,yes,no,unknown,5,may,273,1,-1,0,unknown,no
57,blue-collar,married,secondary,no,5935,yes,yes,unknown,5,may,258,1,-1,0,unknown,no
43,technician,married,secondary,no,1937,yes,no,unknown,5,may,181,1,-1,0,unknown,no
59,admin.,married,secondary,no,2343,yes,no,unknown,5,may,1042,1,-1,0,unknown,yes
57,retired,married,secondary,no,486,yes,no,unknown,5,may,180,2,-1,0,unknown,no
60,retired,married,tertiary,no,81,yes,no,unknown,5,may,101,1,-1,0,unknown,no
29,services,divorced,secondary,no,31,yes,no,unknown,5,may,194,1,-1,0,unknown,no
46,technician,divorced,secondary,no,79,no,no,unknown,5,may,144,1,-1,0,unknown,no
44,blue-collar,married,secondary,no,144,yes,no,unknown,5,may,247,2,-1,0,unknown,no
33,management,single,tertiary,no,-67,yes,no,unknown,5,may,364,1,-1,0,unknown,no
59,management,divorced,tertiary,no,262,no,no,unknown,5,may,178,1,-1,0,unknown,no
43,services,married,secondary,no,41,yes,yes,unknown,5,may,127,2,-1,0,unknown,no
34,services,married,secondary,no,-16,yes,yes,unknown,5,may,78,1,-1,0,unknown,no
55,services,married,secondary,no,2476,yes,no,unknown,5,may,579,1,-1,0,unknown,yes
55,admin.,single,secondary,no,802,yes,yes,unknown,5,may,100,2,-1,0,unknown,no
53,housemaid,divorced,primary,no,947,yes,no,unknown,5,may,163,1,-1,0,unknown,no
57,unemployed,married,tertiary,no,42,no,no,unknown,5,may,46,1,-1,0,unknown,no
56,blue-collar,divorced,primary,no,8,yes,no,unknown,5,may,157,2,-1,0,unknown,no
52,blue-collar,married,secondary,no,782,yes,no,unknown,5,may,93,3,-1,0,unknown,no
48,services,married,unknown,no,1705,yes,no,unknown,5,may,107,1,-1,0,unknown,no
26,admin.,single,secondary,no,82,yes,no,unknown,5,may,228,1,-1,0,unknown,no
35,retired,single,primary,no,434,no,no,unknown,5,may,138,1,-1,0,unknown,no
53,admin.,divorced,secondary,no,1151,yes,no,unknown,5,may,412,1,-1,0,unknown,no
54,services,married,secondary,no,214,yes,no,unknown,5,may,458,2,-1,0,unknown,no
36,admin.,married,tertiary,no,211,yes,no,unknown,5,may,146,2,-1,0,unknown,no
50,technician,divorced,tertiary,no,173,no,yes,unknown,5,may,98,1,-1,0,unknown,no
61,blue-collar,divorced,primary,no,1428,yes,no,unknown,5,may,82,2,-1,0,unknown,no
35,student,single,unknown,no,298,yes,no,unknown,5,may,611,2,-1,0,unknown,no
35,services,married,secondary,no,0,yes,no,unknown,5,may,471,1,-1,0,unknown,no
38,blue-collar,married,secondary,no,-390,yes,no,unknown,5,may,287,1,-1,0,unknown,no
54,blue-collar,married,primary,no,-41,yes,no,unknown,5,may,288,1,-1,0,unknown,no
47,unknown,married,unknown,no,28,no,no,unknown,5,may,338,2,-1,0,unknown,no
48,blue-collar,married,primary,no,278,yes,no,unknown,5,may,125,2,-1,0,unknown,no
36,blue-collar,married,unknown,no,1033,no,no,unknown,5,may,238,2,-1,0,unknown,no
57,entrepreneur,married,secondary,no,294,yes,no,unknown,5,may,746,2,-1,0,unknown,no
53,admin.,divorced,secondary,no,315,yes,no,unknown,5,may,181,2,-1,0,unknown,no
37,blue-collar,married,primary,no,0,yes,no,unknown,5,may,79,1,-1,0,unknown,no
43,technician,married,secondary,no,434,yes,no,unknown,5,may,117,1,-1,0,unknown,no
22,blue-collar,single,secondary,no,0,yes,no,unknown,5,may,179,2,-1,0,unknown,no
39,blue-collar,married,secondary,no,483,yes,no,unknown,5,may,282,1,-1,0,unknown,no
40,blue-collar,married,secondary,no,475,yes,no,unknown,5,may,332,2,-1,0,unknown,no
42,management,divorced,tertiary,no,742,yes,no,unknown,5,may,58,3,-1,0,unknown,no
37,management,single,tertiary,no,600,yes,no,unknown,5,may,152,1,-1,0,unknown,no
57,technician,married,secondary,no,1078,yes,no,unknown,5,may,10,4,-1,0,unknown,no
30,blue-collar,single,secondary,no,0,yes,no,unknown,5,may,5,2,-1,0,unknown,no
32,blue-collar,married,secondary,no,1331,yes,no,unknown,5,may,286,2,-1,0,unknown,no
43,management,married,unknown,no,0,yes,no,unknown,5,may,105,2,-1,0,unknown,no
55,management,single,tertiary,no,115,no,no,unknown,5,may,111,4,-1,0,unknown,no
41,blue-collar,married,secondary,no,290,yes,no,unknown,5,may,240,2,-1,0,unknown,no
53,technician,married,secondary,no,56,yes,yes,unknown,5,may,152,2,-1,0,unknown,no
51,admin.,single,secondary,yes,-2,no,no,unknown,5,may,402,3,-1,0,unknown,no
53,services,married,unknown,no,18,no,no,unknown,5,may,503,2,-1,0,unknown,no
39,blue-collar,married,primary,no,-100,yes,no,unknown,5,may,680,2,-1,0,unknown,no
44,services,married,tertiary,no,510,yes,no,unknown,5,may,421,4,-1,0,unknown,no
45,blue-collar,married,secondary,no,66,yes,no,unknown,5,may,808,2,-1,0,unknown,no
27,services,married,secondary,no,8,yes,no,unknown,6,may,88,3,-1,0,unknown,no
46,technician,married,tertiary,no,841,yes,no,unknown,6,may,158,1,-1,0,unknown,no
23,student,single,secondary,no,157,yes,no,unknown,6,may,54,1,-1,0,unknown,no
48,blue-collar,married,unknown,no,131,yes,no,unknown,6,may,189,1,-1,0,unknown,no
38,admin.,single,secondary,no,393,no,no,unknown,6,may,184,2,-1,0,unknown,no
55,blue-collar,married,secondary,no,224,yes,no,unknown,6,may,232,1,-1,0,unknown,no
38,blue-collar,married,secondary,no,20,yes,no,unknown,6,may,402,1,-1,0,unknown,no
58,services,married,secondary,no,1667,yes,yes,unknown,6,may,85,1,-1,0,unknown,no
32,unemployed,married,secondary,no,10,yes,no,unknown,6,may,501,4,-1,0,unknown,no
60,retired,divorced,secondary,no,545,yes,no,unknown,6,may,1030,1,-1,0,unknown,yes
46,technician,divorced,tertiary,no,477,yes,no,unknown,6,may,114,1,-1,0,unknown,no
38,admin.,married,secondary,no,1,no,no,unknown,6,may,76,1,-1,0,unknown,no
34,blue-collar,married,secondary,no,283,no,yes,unknown,6,may,199,1,-1,0,unknown,no
48,technician,married,secondary,no,141,yes,yes,unknown,6,may,424,1,-1,0,unknown,no
29,self-employed,single,tertiary,no,16,yes,no,unknown,6,may,43,1,-1,0,unknown,no
50,services,married,secondary,no,206,yes,no,unknown,6,may,154,1,-1,0,unknown,no
46,blue-collar,divorced,primary,no,1927,yes,no,unknown,6,may,241,3,-1,0,unknown,no
48,admin.,married,secondary,no,182,yes,no,unknown,6,may,180,2,-1,0,unknown,no
52,blue-collar,divorced,primary,no,55,yes,yes,unknown,6,may,186,1,-1,0,unknown,no
49,management,single,tertiary,no,163,yes,no,unknown,6,may,496,3,-1,0,unknown,no
43,management,married,secondary,no,375,yes,no,unknown,6,may,196,2,-1,0,unknown,no
39,blue-collar,married,secondary,no,0,yes,no,unknown,6,may,262,1,-1,0,unknown,no
55,admin.,married,secondary,no,183,yes,no,unknown,6,may,150,1,-1,0,unknown,no
36,blue-collar,married,secondary,no,139,yes,no,unknown,6,may,309,2,-1,0,unknown,no
24,self-employed,single,secondary,no,0,yes,no,unknown,6,may,278,1,-1,0,unknown,no
34,technician,married,secondary,no,367,yes,no,unknown,6,may,140,1,-1,0,unknown,no
51,admin.,divorced,secondary,no,228,yes,no,unknown,6,may,136,1,-1,0,unknown,no
46,management,divorced,unknown,no,2,yes,no,unknown,6,may,187,1,-1,0,unknown,no
33,blue-collar,single,secondary,yes,-60,no,no,unknown,6,may,243,1,-1,0,unknown,no
35,blue-collar,married,secondary,no,89,yes,no,unknown,6,may,145,2,-1,0,unknown,no
57,retired,single,secondary,no,1640,no,yes,unknown,6,may,204,4,-1,0,unknown,no
46,blue-collar,married,unknown,no,1044,yes,no,unknown,6,may,43,1,-1,0,unknown,no
41,technician,married,secondary,no,767,yes,yes,unknown,6,may,204,1,-1,0,unknown,no
40,blue-collar,married,primary,no,-66,yes,no,unknown,6,may,288,1,-1,0,unknown,no
29,blue-collar,married,secondary,no,1,yes,no,unknown,6,may,215,1,-1,0,unknown,no
32,technician,single,unknown,no,-170,no,no,unknown,6,may,46,1,-1,0,unknown,no
48,blue-collar,single,secondary,no,44,yes,no,unknown,6,may,153,1,-1,0,unknown,no
49,entrepreneur,married,secondary,no,167,yes,yes,unknown,6,may,198,3,-1,0,unknown,no
29,management,single,tertiary,no,0,yes,no,unknown,6,may,211,1,-1,0,unknown,no
38,management,married,secondary,no,517,yes,no,unknown,6,may,288,2,-1,0,unknown,no
44,blue-collar,married,primary,no,213,no,no,unknown,6,may,158,1,-1,0,unknown,no
34,blue-collar,married,unknown,no,245,yes,no,unknown,6,may,13,1,-1,0,unknown,no
46,blue-collar,married,secondary,no,71,yes,no,unknown,6,may,416,1,-1,0,unknown,no
40,unemployed,single,secondary,no,11,yes,no,unknown,6,may,43,1,-1,0,unknown,no
36,self-employed,married,tertiary,no,107,yes,no,unknown,6,may,146,1,-1,0,unknown,no
53,blue-collar,married,primary,no,25,yes,no,unknown,6,may,266,3,-1,0,unknown,no
55,blue-collar,married,secondary,no,840,yes,no,unknown,6,may,310,2,-1,0,unknown,no
48,retired,married,secondary,no,74,no,yes,unknown,6,may,315,1,-1,0,unknown,no
30,blue-collar,married,secondary,no,450,no,no,unknown,6,may,526,2,-1,0,unknown,no
48,technician,married,tertiary,no,310,no,no,unknown,6,may,135,1,-1,0,unknown,no
31,self-employed,married,secondary,no,0,yes,no,unknown,6,may,36,5,-1,0,unknown,no
32,services,married,secondary,no,243,yes,yes,unknown,6,may,144,1,-1,0,unknown,no
48,management,divorced,tertiary,no,1328,yes,no,unknown,6,may,339,1,-1,0,unknown,no
39,management,married,tertiary,no,2877,yes,no,unknown,6,may,278,1,-1,0,unknown,no
40,blue-collar,married,primary,no,2880,yes,no,unknown,6,may,145,2,-1,0,unknown,no
30,technician,married,secondary,no,484,yes,no,unknown,6,may,703,1,-1,0,unknown,yes
32,admin.,single,tertiary,no,395,yes,no,unknown,6,may,241,3,-1,0,unknown,no
31,student,single,secondary,no,252,yes,no,unknown,6,may,175,3,-1,0,unknown,no
29,student,single,secondary,no,209,yes,no,unknown,6,may,311,2,-1,0,unknown,no
49,self-employed,married,secondary,no,1,yes,no,unknown,6,may,260,3,-1,0,unknown,no
31,management,single,tertiary,no,-173,yes,no,unknown,6,may,396,2,-1,0,unknown,no
40,services,divorced,secondary,no,105,yes,no,unknown,6,may,189,2,-1,0,unknown,no
29,admin.,married,secondary,no,182,yes,yes,unknown,6,may,477,1,-1,0,unknown,no
53,admin.,married,secondary,no,244,yes,yes,unknown,6,may,197,2,-1,0,unknown,no
40,blue-collar,married,primary,yes,0,yes,no,unknown,6,may,64,2,-1,0,unknown,no
29,student,single,secondary,no,948,yes,no,unknown,6,may,75,2,-1,0,unknown,no
36,technician,married,secondary,no,368,yes,yes,unknown,6,may,1597,2,-1,0,unknown,yes
43,services,divorced,secondary,no,0,yes,no,unknown,6,may,125,2,-1,0,unknown,no
40,blue-collar,divorced,primary,no,369,no,no,unknown,6,may,79,2,-1,0,unknown,no
47,technician,married,secondary,no,503,yes,no,unknown,6,may,109,2,-1,0,unknown,no
33,blue-collar,married,secondary,no,372,yes,no,unknown,6,may,132,2,-1,0,unknown,no
31,admin.,married,secondary,no,0,yes,yes,unknown,6,may,144,2,-1,0,unknown,no
36,entrepreneur,married,tertiary,no,125,yes,no,unknown,6,may,95,3,-1,0,unknown,no
60,retired,married,primary,no,364,yes,no,unknown,6,may,631,2,-1,0,unknown,no
51,blue-collar,divorced,primary,no,325,yes,no,unknown,6,may,254,2,-1,0,unknown,no
35,services,married,secondary,no,109,yes,no,unknown,6,may,597,3,-1,0,unknown,no
35,blue-collar,single,secondary,no,376,yes,yes,unknown,6,may,207,3,-1,0,unknown,no
55,retired,married,secondary,no,143,yes,no,unknown,6,may,42,3,-1,0,unknown,no
57,blue-collar,married,primary,no,162,yes,no,unknown,6,may,155,2,-1,0,unknown,no
57,blue-collar,married,unknown,no,807,yes,no,unknown,6,may,211,2,-1,0,unknown,no
38,housemaid,married,secondary,no,0,yes,no,unknown,6,may,59,3,-1,0,unknown,no
57,technician,married,secondary,no,402,yes,no,unknown,6,may,153,3,-1,0,unknown,no
51,blue-collar,divorced,secondary,no,421,yes,no,unknown,6,may,216,2,-1,0,unknown,no
44,admin.,divorced,secondary,no,161,yes,no,unknown,7,may,89,2,-1,0,unknown,no
29,student,single,secondary,no,110,yes,no,unknown,7,may,169,3,-1,0,unknown,no
42,technician,single,secondary,no,0,yes,no,unknown,7,may,275,4,-1,0,unknown,no
47,blue-collar,married,secondary,no,1001,yes,no,unknown,7,may,201,4,-1,0,unknown,no
59,retired,married,secondary,no,836,yes,no,unknown,7,may,106,1,-1,0,unknown,no
32,blue-collar,single,secondary,no,301,yes,no,unknown,7,may,395,2,-1,0,unknown,no
29,technician,married,secondary,no,8,no,no,unknown,7,may,113,1,-1,0,unknown,no
35,blue-collar,married,primary,yes,0,yes,no,unknown,7,may,292,1,-1,0,unknown,no
31,blue-collar,single,primary,no,435,yes,no,unknown,7,may,159,2,-1,0,unknown,no
31,management,divorced,tertiary,no,0,yes,no,unknown,7,may,953,3,-1,0,unknown,no
37,technician,single,tertiary,no,147,no,no,unknown,7,may,416,2,-1,0,unknown,no
37,services,single,secondary,no,259,yes,no,unknown,7,may,130,1,-1,0,unknown,no
55,retired,married,secondary,no,102,yes,no,unknown,7,may,74,1,-1,0,unknown,no
37,blue-collar,married,secondary,no,16,yes,no,unknown,7,may,250,1,-1,0,unknown,no
36,admin.,divorced,secondary,no,0,yes,no,unknown,7,may,133,2,-1,0,unknown,no
31,blue-collar,single,secondary,no,1415,yes,no,unknown,7,may,485,1,-1,0,unknown,no
37,services,single,secondary,no,-196,yes,no,unknown,7,may,207,1,-1,0,unknown,no
37,management,married,tertiary,no,0,yes,no,unknown,7,may,228,1,-1,0,unknown,no
29,technician,single,tertiary,no,3,yes,no,unknown,7,may,359,1,-1,0,unknown,no
38,blue-collar,married,secondary,no,376,yes,no,unknown,7,may,1521,1,-1,0,unknown,no
33,services,divorced,secondary,no,392,yes,yes,unknown,7,may,254,1,-1,0,unknown,no
33,retired,married,secondary,no,165,no,no,unknown,7,may,111,1,-1,0,unknown,no
32,blue-collar,married,secondary,no,0,yes,no,unknown,7,may,298,1,-1,0,unknown,no
37,management,single,tertiary,yes,45,yes,no,unknown,7,may,204,1,-1,0,unknown,no
59,blue-collar,married,primary,no,229,yes,yes,unknown,7,may,19,1,-1,0,unknown,no
44,blue-collar,married,primary,no,143,yes,no,unknown,7,may,153,1,-1,0,unknown,no
33,management,married,tertiary,no,442,yes,no,unknown,7,may,463,1,-1,0,unknown,no
35,management,married,tertiary,no,267,yes,no,unknown,7,may,192,1,-1,0,unknown,no
57,self-employed,married,primary,no,1013,yes,no,unknown,7,may,448,1,-1,0,unknown,no
33,admin.,married,secondary,no,44,yes,yes,unknown,7,may,231,1,-1,0,unknown,no
54,blue-collar,married,secondary,no,-932,yes,no,unknown,7,may,799,1,-1,0,unknown,no
49,blue-collar,married,secondary,no,90,yes,no,unknown,7,may,127,1,-1,0,unknown,no
26,services,married,secondary,no,0,yes,no,unknown,7,may,180,2,-1,0,unknown,no
31,services,single,secondary,no,-45,no,no,unknown,7,may,246,2,-1,0,unknown,no
31,services,married,secondary,no,564,yes,no,unknown,7,may,223,3,-1,0,unknown,no
35,technician,single,secondary,no,1855,yes,no,unknown,7,may,138,1,-1,0,unknown,no
29,management,married,secondary,no,147,yes,yes,unknown,7,may,376,2,-1,0,unknown,no
37,management,married,tertiary,no,115,no,no,unknown,7,may,36,1,-1,0,unknown,no
42,technician,married,tertiary,no,644,yes,no,unknown,7,may,19,1,-1,0,unknown,no
38,services,married,secondary,no,-32,yes,no,unknown,7,may,154,2,-1,0,unknown,no
53,blue-collar,married,secondary,no,732,yes,no,unknown,7,may,530,2,-1,0,unknown,no
41,management,divorced,secondary,no,276,yes,no,unknown,7,may,60,1,-1,0,unknown,no
47,blue-collar,married,primary,no,550,yes,no,unknown,7,may,113,1,-1,0,unknown,no
60,retired,married,secondary,no,42,yes,yes,unknown,7,may,386,2,-1,0,unknown,no
33,management,single,tertiary,no,54,no,no,unknown,7,may,262,2,-1,0,unknown,no
30,technician,single,secondary,no,102,yes,no,unknown,7,may,614,2,-1,0,unknown,no
40,unemployed,single,secondary,no,350,yes,no,unknown,7,may,287,1,-1,0,unknown,no
42,entrepreneur,married,tertiary,no,157,yes,yes,unknown,7,may,650,1,-1,0,unknown,no
36,admin.,single,primary,no,91,yes,no,unknown,7,may,371,2,-1,0,unknown,no
39,management,single,tertiary,no,406,yes,no,unknown,7,may,68,1,-1,0,unknown,no
52,services,divorced,secondary,no,220,yes,no,unknown,7,may,143,3,-1,0,unknown,no
37,management,married,tertiary,no,308,yes,no,unknown,7,may,96,3,-1,0,unknown,no
60,blue-collar,divorced,secondary,no,1310,no,no,unknown,7,may,152,2,-1,0,unknown,no
50,services,single,primary,no,148,yes,no,unknown,7,may,198,2,-1,0,unknown,no
29,blue-collar,married,primary,no,190,no,no,unknown,7,may,51,1,-1,0,unknown,no
40,blue-collar,married,secondary,no,4,yes,yes,unknown,7,may,263,1,-1,0,unknown,no
30,technician,single,tertiary,no,60,yes,yes,unknown,7,may,306,5,-1,0,unknown,no
52,technician,single,secondary,no,-181,yes,no,unknown,7,may,94,2,-1,0,unknown,no
44,entrepreneur,married,primary,no,58,yes,no,unknown,7,may,113,3,-1,0,unknown,no
39,management,single,unknown,no,2887,yes,no,unknown,7,may,42,2,-1,0,unknown,no
42,management,married,secondary,no,0,no,no,unknown,7,may,234,4,-1,0,unknown,no
31,admin.,married,secondary,no,89,no,no,unknown,7,may,297,3,-1,0,unknown,no
29,unknown,single,primary,no,50,yes,no,unknown,7,may,50,2,-1,0,unknown,no
56,management,married,primary,no,-24,yes,no,unknown,7,may,305,3,-1,0,unknown,no
38,blue-collar,married,secondary,no,22,yes,yes,unknown,7,may,353,4,-1,0,unknown,no
39,blue-collar,married,tertiary,no,-33,yes,no,unknown,7,may,62,5,-1,0,unknown,no
59,housemaid,divorced,unknown,no,873,yes,no,unknown,7,may,152,3,-1,0,unknown,no
47,blue-collar,married,primary,no,117,yes,no,unknown,7,may,113,2,-1,0,unknown,no
43,admin.,married,tertiary,no,1924,yes,no,unknown,7,may,244,7,-1,0,unknown,no
32,services,single,secondary,no,81,yes,no,unknown,7,may,126,5,-1,0,unknown,no
40,admin.,single,secondary,no,-227,yes,no,unknown,7,may,161,3,-1,0,unknown,no
42,blue-collar,married,primary,no,223,yes,no,unknown,7,may,41,3,-1,0,unknown,no
29,services,married,primary,no,321,yes,no,unknown,7,may,196,2,-1,0,unknown,no
43,admin.,single,secondary,no,2527,yes,no,unknown,7,may,276,4,-1,0,unknown,no
48,admin.,married,secondary,no,5,yes,no,unknown,7,may,697,2,-1,0,unknown,no
28,management,married,tertiary,no,3,yes,no,unknown,7,may,122,5,-1,0,unknown,no
28,blue-collar,married,primary,no,-55,yes,no,unknown,7,may,361,2,-1,0,unknown,no
56,management,married,primary,no,93,yes,no,unknown,7,may,282,2,-1,0,unknown,no
32,entrepreneur,married,secondary,no,135,yes,no,unknown,7,may,143,2,-1,0,unknown,no
36,services,single,secondary,no,248,yes,no,unknown,7,may,90,2,-1,0,unknown,no
38,blue-collar,married,secondary,no,164,yes,no,unknown,7,may,309,2,-1,0,unknown,no
44,technician,married,secondary,no,-97,yes,no,unknown,7,may,408,3,-1,0,unknown,no
35,management,divorced,tertiary,no,788,yes,no,unknown,7,may,297,3,-1,0,unknown,no
48,technician,married,secondary,no,720,yes,no,unknown,8,may,177,3,-1,0,unknown,no
30,services,married,secondary,no,442,yes,no,unknown,8,may,137,2,-1,0,unknown,no
32,management,single,tertiary,no,111,yes,no,unknown,8,may,162,2,-1,0,unknown,no
52,blue-collar,married,secondary,no,46,yes,no,unknown,8,may,132,1,-1,0,unknown,no
56,management,divorced,tertiary,no,177,yes,no,unknown,8,may,1040,1,-1,0,unknown,no
33,blue-collar,divorced,primary,no,176,yes,no,unknown,8,may,622,1,-1,0,unknown,no
33,blue-collar,married,primary,no,-81,yes,no,unknown,8,may,267,1,-1,0,unknown,no
51,management,married,primary,yes,57,yes,yes,unknown,8,may,61,1,-1,0,unknown,no
44,housemaid,married,secondary,no,281,yes,no,unknown,8,may,604,1,-1,0,unknown,no
55,blue-collar,single,tertiary,no,325,yes,no,unknown,8,may,693,1,-1,0,unknown,no
31,management,single,tertiary,no,7444,yes,yes,unknown,8,may,20,1,-1,0,unknown,no
30,management,single,tertiary,no,59,yes,yes,unknown,8,may,202,1,-1,0,unknown,no
36,technician,married,secondary,no,5611,yes,no,unknown,8,may,39,1,-1,0,unknown,no
37,blue-collar,single,secondary,no,134,yes,no,unknown,8,may,200,1,-1,0,unknown,no
34,blue-collar,single,primary,no,0,yes,no,unknown,8,may,323,1,-1,0,unknown,no
42,blue-collar,single,primary,no,134,yes,yes,unknown,8,may,82,1,-1,0,unknown,no
33,technician,single,tertiary,no,129,yes,no,unknown,8,may,128,1,-1,0,unknown,no
33,services,divorced,secondary,no,411,yes,no,unknown,8,may,216,1,-1,0,unknown,no
36,admin.,married,secondary,no,114,yes,yes,unknown,8,may,147,1,-1,0,unknown,no
40,blue-collar,single,secondary,no,1,yes,no,unknown,8,may,190,1,-1,0,unknown,no
30,management,single,tertiary,no,5956,yes,no,unknown,8,may,255,1,-1,0,unknown,no
30,self-employed,married,secondary,no,131,yes,no,unknown,8,may,306,1,-1,0,unknown,no
45,blue-collar,married,primary,no,85,yes,no,unknown,8,may,162,1,-1,0,unknown,no
39,blue-collar,married,primary,no,481,yes,no,unknown,8,may,204,1,-1,0,unknown,no
33,admin.,single,secondary,no,303,no,no,unknown,8,may,149,1,-1,0,unknown,no
38,technician,married,tertiary,no,1161,yes,no,unknown,8,may,665,1,-1,0,unknown,no
24,technician,single,tertiary,no,777,yes,no,unknown,8,may,131,1,-1,0,unknown,no
40,management,married,tertiary,no,121,no,no,unknown,8,may,82,1,-1,0,unknown,no
40,technician,married,secondary,no,697,yes,no,unknown,8,may,111,1,-1,0,unknown,no
49,housemaid,married,secondary,no,7317,yes,no,unknown,8,may,140,1,-1,0,unknown,no
44,blue-collar,married,secondary,no,-95,yes,no,unknown,8,may,110,1,-1,0,unknown,no
32,management,single,tertiary,no,751,yes,no,unknown,8,may,64,1,-1,0,unknown,no
44,admin.,single,secondary,no,-84,yes,no,unknown,8,may,32,3,-1,0,unknown,no
44,blue-collar,single,secondary,no,36,yes,no,unknown,8,may,712,1,-1,0,unknown,no
36,blue-collar,married,secondary,no,0,no,no,unknown,8,may,338,2,-1,0,unknown,no
57,management,married,tertiary,no,2261,yes,no,unknown,8,may,1007,1,-1,0,unknown,no
34,blue-collar,single,secondary,no,177,yes,no,unknown,8,may,500,1,-1,0,unknown,no
49,technician,married,primary,no,230,yes,no,unknown,8,may,96,1,-1,0,unknown,no
50,technician,married,secondary,no,389,yes,no,unknown,8,may,110,1,-1,0,unknown,no
28,services,married,secondary,no,6,yes,no,unknown,8,may,667,1,-1,0,unknown,no
46,blue-collar,married,primary,no,-768,yes,no,unknown,8,may,194,3,-1,0,unknown,no
34,blue-collar,single,secondary,no,341,yes,no,unknown,8,may,195,1,-1,0,unknown,no
39,admin.,single,secondary,no,762,yes,no,unknown,8,may,288,1,-1,0,unknown,no
31,services,married,secondary,no,28,yes,no,unknown,8,may,101,1,-1,0,unknown,no
48,blue-collar,married,primary,no,448,yes,no,unknown,8,may,189,1,-1,0,unknown,no
26,student,single,tertiary,no,37,yes,no,unknown,8,may,108,1,-1,0,unknown,no
33,housemaid,married,primary,no,1713,yes,no,unknown,8,may,22,1,-1,0,unknown,no
40,management,married,tertiary,no,-29,no,no,unknown,8,may,406,2,-1,0,unknown,no
39,blue-collar,single,secondary,no,82,yes,no,unknown,8,may,147,5,-1,0,unknown,no
28,management,single,tertiary,no,21,yes,no,unknown,8,may,219,3,-1,0,unknown,no
40,blue-collar,married,primary,no,640,yes,yes,unknown,8,may,347,2,-1,0,unknown,no
47,management,married,primary,no,1222,yes,no,unknown,8,may,28,3,-1,0,unknown,no
26,student,single,unknown,no,-41,yes,no,unknown,8,may,229,2,-1,0,unknown,no
42,management,married,tertiary,no,6,yes,no,unknown,8,may,103,4,-1,0,unknown,no
43,blue-collar,divorced,secondary,no,338,yes,no,unknown,8,may,116,1,-1,0,unknown,no
34,services,married,secondary,no,2211,no,no,unknown,8,may,149,1,-1,0,unknown,no
40,blue-collar,married,primary,no,87,yes,no,unknown,8,may,210,1,-1,0,unknown,no
38,blue-collar,married,secondary,no,-210,yes,no,unknown,8,may,21,1,-1,0,unknown,no
30,blue-collar,married,secondary,no,717,yes,no,unknown,8,may,42,1,-1,0,unknown,no
60,technician,married,unknown,no,0,yes,no,unknown,8,may,77,1,-1,0,unknown,no
47,blue-collar,married,secondary,no,116,yes,no,unknown,8,may,376,2,-1,0,unknown,no
44,blue-collar,married,primary,no,753,yes,no,unknown,8,may,151,2,-1,0,unknown,no
45,admin.,divorced,secondary,no,984,yes,no,unknown,8,may,298,5,-1,0,unknown,no
34,blue-collar,married,secondary,no,199,yes,no,unknown,8,may,627,3,-1,0,unknown,no
22,technician,single,secondary,no,54,yes,yes,unknown,8,may,626,6,-1,0,unknown,no
32,services,single,secondary,no,459,yes,no,unknown,8,may,202,2,-1,0,unknown,no
55,entrepreneur,married,primary,no,298,yes,no,unknown,8,may,144,3,-1,0,unknown,no
35,blue-collar,married,secondary,no,25,yes,no,unknown,8,may,23,5,-1,0,unknown,no
49,blue-collar,single,primary,no,1164,yes,no,unknown,8,may,72,1,-1,0,unknown,no
31,blue-collar,married,primary,no,68,yes,no,unknown,8,may,226,1,-1,0,unknown,no
42,blue-collar,married,secondary,no,376,yes,no,unknown,8,may,15,1,-1,0,unknown,no
41,management,divorced,tertiary,no,292,yes,no,unknown,8,may,352,2,-1,0,unknown,no
33,technician,married,unknown,no,0,no,no,unknown,8,may,345,2,-1,0,unknown,no
34,blue-collar,married,secondary,no,103,yes,yes,unknown,8,may,956,2,-1,0,unknown,no
34,blue-collar,married,secondary,no,129,yes,no,unknown,8,may,71,2,-1,0,unknown,no
35,self-employed,single,tertiary,no,538,yes,yes,unknown,8,may,21,9,-1,0,unknown,no
36,blue-collar,married,unknown,no,70,yes,no,unknown,8,may,219,4,-1,0,unknown,no
27,student,single,secondary,no,0,no,no,unknown,8,may,93,2,-1,0,unknown,no
33,unemployed,married,secondary,no,229,yes,no,unknown,8,may,205,4,-1,0,unknown,no
40,management,married,tertiary,no,570,yes,no,unknown,8,may,105,2,-1,0,unknown,no
27,blue-collar,married,secondary,no,106,yes,no,unknown,8,may,207,2,-1,0,unknown,no
44,blue-collar,married,secondary,no,373,yes,no,unknown,8,may,122,2,-1,0,unknown,no
31,blue-collar,married,primary,no,50,yes,no,unknown,8,may,300,2,-1,0,unknown,no
35,blue-collar,married,primary,no,105,yes,no,unknown,8,may,369,2,-1,0,unknown,no
59,retired,divorced,primary,no,-138,yes,yes,unknown,8,may,89,4,-1,0,unknown,no
37,blue-collar,married,primary,no,496,yes,no,unknown,8,may,137,2,-1,0,unknown,no
50,services,single,secondary,no,72,no,no,unknown,8,may,141,2,-1,0,unknown,no
43,management,divorced,tertiary,no,0,yes,no,unknown,8,may,123,2,-1,0,unknown,no
36,services,married,secondary,no,42,yes,no,unknown,8,may,102,4,-1,0,unknown,no
32,blue-collar,divorced,primary,no,88,yes,no,unknown,8,may,17,3,-1,0,unknown,no
53,management,married,tertiary,no,2124,yes,no,unknown,8,may,123,2,-1,0,unknown,no
51,blue-collar,married,primary,no,202,yes,no,unknown,8,may,200,2,-1,0,unknown,no
36,blue-collar,married,secondary,no,406,yes,no,unknown,8,may,826,3,-1,0,unknown,no
34,admin.,married,tertiary,no,221,yes,no,unknown,8,may,185,4,-1,0,unknown,no
40,admin.,married,secondary,no,523,yes,yes,unknown,8,may,598,3,-1,0,unknown,no
34,blue-collar,married,primary,no,298,yes,no,unknown,8,may,220,2,-1,0,unknown,no
39,blue-collar,married,secondary,no,507,yes,no,unknown,8,may,136,2,-1,0,unknown,no
58,management,married,secondary,no,771,no,no,unknown,8,may,126,3,-1,0,unknown,no
45,admin.,married,secondary,no,310,yes,no,unknown,8,may,191,2,-1,0,unknown,no
39,blue-collar,married,primary,no,813,yes,no,unknown,8,may,117,2,-1,0,unknown,no
40,services,married,primary,no,332,yes,no,unknown,8,may,149,1,-1,0,unknown,no
47,admin.,divorced,secondary,no,162,yes,no,unknown,9,may,203,4,-1,0,unknown,no
32,management,single,tertiary,no,264,yes,no,unknown,9,may,211,2,-1,0,unknown,no
35,technician,single,secondary,no,317,yes,no,unknown,9,may,292,2,-1,0,unknown,no
47,services,married,secondary,no,1306,yes,no,unknown,9,may,252,4,-1,0,unknown,no
31,blue-collar,married,primary,no,3007,yes,no,unknown,9,may,283,1,-1,0,unknown,no
41,technician,married,secondary,no,483,yes,no,unknown,9,may,319,1,-1,0,unknown,no
37,management,married,tertiary,no,0,yes,no,unknown,9,may,59,1,-1,0,unknown,no
26,blue-collar,single,secondary,no,100,yes,no,unknown,9,may,24,1,-1,0,unknown,no
32,services,married,secondary,no,2068,yes,yes,unknown,9,may,143,1,-1,0,unknown,no
32,blue-collar,married,primary,no,274,yes,no,unknown,9,may,21,3,-1,0,unknown,no
28,blue-collar,married,secondary,no,6,yes,no,unknown,9,may,254,1,-1,0,unknown,no
25,admin.,single,secondary,no,131,yes,yes,unknown,9,may,237,1,-1,0,unknown,no
34,blue-collar,married,primary,no,-78,yes,no,unknown,9,may,198,1,-1,0,unknown,no
40,retired,married,tertiary,no,794,no,no,unknown,9,may,138,1,-1,0,unknown,no
38,entrepreneur,married,secondary,no,2139,yes,no,unknown,9,may,576,1,-1,0,unknown,no
31,unemployed,single,tertiary,no,133,yes,no,unknown,9,may,480,2,-1,0,unknown,no
28,admin.,single,secondary,no,2831,yes,no,unknown,9,may,211,3,-1,0,unknown,no
37,admin.,divorced,secondary,no,34,yes,no,unknown,9,may,144,3,-1,0,unknown,no
39,blue-collar,single,secondary,no,217,yes,no,unknown,9,may,107,1,-1,0,unknown,no
25,admin.,single,secondary,no,787,yes,no,unknown,9,may,164,1,-1,0,unknown,no
28,technician,single,tertiary,no,2269,yes,no,unknown,9,may,331,1,-1,0,unknown,no
31,unemployed,married,primary,no,213,yes,no,unknown,9,may,479,2,-1,0,unknown,no
37,blue-collar,married,secondary,no,934,no,no,unknown,9,may,258,2,-1,0,unknown,no
30,technician,single,secondary,no,23,yes,no,unknown,9,may,137,1,-1,0,unknown,no
31,services,divorced,secondary,no,1656,yes,no,unknown,9,may,208,3,-1,0,unknown,no
33,blue-collar,married,primary,no,134,yes,no,unknown,9,may,91,2,-1,0,unknown,no
32,management,married,tertiary,no,0,no,no,unknown,9,may,280,1,-1,0,unknown,no
35,blue-collar,married,primary,no,108,yes,no,unknown,9,may,200,4,-1,0,unknown,no
35,management,divorced,tertiary,no,321,yes,no,unknown,9,may,189,1,-1,0,unknown,no
28,management,single,unknown,yes,101,yes,no,unknown,9,may,224,3,-1,0,unknown,no
33,blue-collar,married,secondary,no,88,yes,no,unknown,9,may,57,2,-1,0,unknown,no
58,retired,divorced,primary,no,47,yes,no,unknown,9,may,225,1,-1,0,unknown,no
29,management,married,tertiary,no,-6,yes,no,unknown,9,may,324,1,-1,0,unknown,no
28,blue-collar,single,secondary,no,-197,yes,no,unknown,9,may,2016,2,-1,0,unknown,yes
43,blue-collar,married,primary,no,336,yes,no,unknown,9,may,256,5,-1,0,unknown,no
36,blue-collar,married,secondary,no,590,yes,no,unknown,9,may,282,2,-1,0,unknown,no
28,technician,single,secondary,no,-125,yes,no,unknown,9,may,67,3,-1,0,unknown,no
31,services,married,secondary,no,1129,yes,no,unknown,9,may,231,2,-1,0,unknown,no
33,blue-collar,single,secondary,no,687,yes,no,unknown,9,may,174,1,-1,0,unknown,no
45,services,married,primary,no,137,yes,no,unknown,9,may,274,2,-1,0,unknown,no
32,blue-collar,married,secondary,no,-208,yes,yes,unknown,9,may,325,1,-1,0,unknown,no
29,technician,single,tertiary,no,542,yes,no,unknown,9,may,338,3,-1,0,unknown,no
43,management,married,secondary,no,3,yes,no,unknown,9,may,204,2,-1,0,unknown,no
57,self-employed,married,tertiary,yes,-3313,yes,yes,unknown,9,may,153,1,-1,0,unknown,no
26,technician,married,secondary,no,47,yes,no,unknown,9,may,282,2,-1,0,unknown,no
44,admin.,married,secondary,no,469,yes,no,unknown,9,may,88,4,-1,0,unknown,no
44,blue-collar,married,primary,no,271,yes,yes,unknown,9,may,94,1,-1,0,unknown,no
28,blue-collar,married,secondary,no,948,yes,no,unknown,9,may,455,1,-1,0,unknown,no
34,blue-collar,single,primary,no,359,yes,no,unknown,9,may,154,3,-1,0,unknown,no
39,blue-collar,married,primary,no,105,yes,no,unknown,9,may,294,2,-1,0,unknown,no
31,management,single,tertiary,no,0,yes,no,unknown,9,may,94,3,-1,0,unknown,no
30,technician,single,tertiary,no,255,yes,no,unknown,9,may,119,2,-1,0,unknown,no
24,student,single,secondary,no,304,no,no,unknown,9,may,180,3,-1,0,unknown,no
35,admin.,divorced,tertiary,no,1555,yes,no,unknown,9,may,26,2,-1,0,unknown,no
59,blue-collar,married,secondary,no,1376,no,yes,unknown,9,may,61,4,-1,0,unknown,no
44,management,married,tertiary,no,392,yes,no,unknown,9,may,124,2,-1,0,unknown,no
30,admin.,single,tertiary,no,-396,yes,no,unknown,9,may,89,2,-1,0,unknown,no
29,admin.,single,secondary,no,3986,yes,no,unknown,9,may,488,2,-1,0,unknown,no
32,blue-collar,single,secondary,no,-83,yes,no,unknown,9,may,116,3,-1,0,unknown,no
57,blue-collar,married,secondary,no,221,yes,no,unknown,9,may,122,2,-1,0,unknown,no
45,management,single,tertiary,no,5694,yes,no,unknown,9,may,214,2,-1,0,unknown,no
44,unemployed,married,secondary,no,-407,yes,no,unknown,9,may,119,2,-1,0,unknown,no
34,entrepreneur,divorced,tertiary,no,338,yes,no,unknown,9,may,162,2,-1,0,unknown,no
43,blue-collar,single,primary,no,0,no,no,unknown,9,may,71,3,-1,0,unknown,no
28,admin.,married,secondary,no,2,yes,no,unknown,9,may,167,1,-1,0,unknown,no
52,management,married,primary,no,226,yes,no,unknown,9,may,86,4,-1,0,unknown,no
30,admin.,married,secondary,no,15,yes,no,unknown,9,may,257,1,-1,0,unknown,no
47,blue-collar,married,secondary,no,8,no,no,unknown,9,may,64,4,-1,0,unknown,no
37,management,married,tertiary,no,-120,yes,no,unknown,9,may,77,2,-1,0,unknown,no
31,management,single,tertiary,no,6248,yes,no,unknown,9,may,154,2,-1,0,unknown,no
40,services,married,secondary,no,69,yes,no,unknown,9,may,143,3,-1,0,unknown,no
28,blue-collar,married,primary,no,26,no,no,unknown,12,may,40,3,-1,0,unknown,no
50,technician,married,secondary,no,103,yes,no,unknown,12,may,79,6,-1,0,unknown,no
28,blue-collar,married,secondary,no,131,yes,no,unknown,12,may,147,5,-1,0,unknown,no
44,unemployed,married,secondary,no,304,yes,no,unknown,12,may,129,2,-1,0,unknown,no
25,management,married,tertiary,no,784,yes,yes,unknown,12,may,104,2,-1,0,unknown,no
34,admin.,divorced,secondary,no,-220,yes,yes,unknown,12,may,115,4,-1,0,unknown,no
55,retired,married,secondary,no,18722,yes,no,unknown,12,may,128,2,-1,0,unknown,no
49,technician,married,secondary,no,4785,no,no,unknown,12,may,160,4,-1,0,unknown,no
43,technician,single,tertiary,no,16,yes,no,unknown,12,may,282,4,-1,0,unknown,no
51,blue-collar,married,primary,yes,-283,yes,no,unknown,12,may,38,4,-1,0,unknown,no
28,admin.,single,secondary,no,-103,yes,no,unknown,12,may,252,4,-1,0,unknown,no
35,self-employed,married,tertiary,no,247,yes,no,unknown,12,may,167,2,-1,0,unknown,no
31,technician,married,secondary,no,286,no,no,unknown,12,may,177,4,-1,0,unknown,no
28,blue-collar,single,secondary,yes,-871,yes,no,unknown,12,may,36,4,-1,0,unknown,no
25,services,married,secondary,no,-454,yes,no,unknown,12,may,24,1,-1,0,unknown,no
29,technician,married,secondary,no,0,no,no,unknown,12,may,33,2,-1,0,unknown,no
47,blue-collar,married,primary,no,304,yes,no,unknown,12,may,185,1,-1,0,unknown,no
31,admin.,married,secondary,no,184,yes,no,unknown,12,may,378,3,-1,0,unknown,no
54,admin.,married,unknown,no,-337,yes,no,unknown,12,may,288,2,-1,0,unknown,no
31,entrepreneur,single,tertiary,yes,37,yes,no,unknown,12,may,281,1,-1,0,unknown,no
27,technician,married,secondary,no,-302,yes,no,unknown,12,may,66,3,-1,0,unknown,no
54,retired,married,primary,no,208,no,no,unknown,12,may,255,1,-1,0,unknown,no
30,services,single,secondary,no,122,yes,no,unknown,12,may,501,2,-1,0,unknown,no
59,technician,married,secondary,no,371,yes,no,unknown,12,may,832,3,-1,0,unknown,no
31,blue-collar,married,secondary,no,297,yes,no,unknown,12,may,480,1,-1,0,unknown,no
40,services,single,secondary,no,888,yes,no,unknown,12,may,169,2,-1,0,unknown,no
29,blue-collar,married,secondary,no,-28,yes,no,unknown,12,may,393,1,-1,0,unknown,no
26,admin.,single,secondary,no,586,yes,yes,unknown,12,may,215,1,-1,0,unknown,no
43,blue-collar,married,primary,no,0,yes,no,unknown,12,may,3,1,-1,0,unknown,no
34,blue-collar,married,secondary,no,187,yes,no,unknown,12,may,379,2,-1,0,unknown,no
43,blue-collar,married,secondary,no,-63,yes,no,unknown,12,may,160,4,-1,0,unknown,no
48,technician,divorced,secondary,no,164,yes,no,unknown,12,may,139,2,-1,0,unknown,no
24,blue-collar,married,secondary,no,237,yes,no,unknown,12,may,200,2,-1,0,unknown,no
29,unemployed,married,secondary,no,380,no,yes,unknown,12,may,154,2,-1,0,unknown,no
54,entrepreneur,divorced,secondary,no,104,yes,no,unknown,12,may,391,1,-1,0,unknown,no
29,admin.,married,primary,no,624,yes,no,unknown,12,may,246,1,-1,0,unknown,no
48,blue-collar,single,primary,no,396,yes,no,unknown,12,may,194,3,-1,0,unknown,no
23,admin.,single,secondary,no,5,no,no,unknown,12,may,413,1,-1,0,unknown,no
31,blue-collar,married,primary,no,-464,yes,yes,unknown,12,may,256,4,-1,0,unknown,no
56,admin.,married,secondary,no,2087,yes,no,unknown,12,may,146,1,-1,0,unknown,no
41,blue-collar,married,primary,no,1052,yes,yes,unknown,12,may,335,1,-1,0,unknown,no
41,blue-collar,married,unknown,no,31,no,no,unknown,12,may,529,2,-1,0,unknown,no
50,admin.,single,secondary,no,424,yes,no,unknown,12,may,72,2,-1,0,unknown,no
23,student,single,tertiary,no,250,yes,no,unknown,12,may,166,2,-1,0,unknown,no
24,student,single,tertiary,no,1535,yes,no,unknown,12,may,126,2,-1,0,unknown,no
28,technician,single,secondary,no,205,yes,no,unknown,12,may,92,3,-1,0,unknown,no
33,self-employed,married,primary,no,1862,yes,no,unknown,12,may,65,1,-1,0,unknown,no
57,management,single,tertiary,no,73,no,no,unknown,12,may,41,1,-1,0,unknown,no
23,admin.,single,secondary,no,1104,yes,no,unknown,12,may,120,2,-1,0,unknown,no
33,entrepreneur,single,secondary,no,339,yes,no,unknown,12,may,212,2,-1,0,unknown,no
47,self-employed,divorced,secondary,no,218,yes,no,unknown,12,may,58,7,-1,0,unknown,no
33,management,single,tertiary,no,4128,yes,no,unknown,12,may,456,6,-1,0,unknown,no
38,management,married,tertiary,no,551,yes,no,unknown,12,may,1875,4,-1,0,unknown,no
50,blue-collar,married,primary,no,-37,yes,no,unknown,12,may,78,3,-1,0,unknown,no
40,blue-collar,married,secondary,no,3122,yes,no,unknown,12,may,344,3,-1,0,unknown,no
30,technician,single,secondary,no,317,yes,no,unknown,12,may,246,6,-1,0,unknown,no
55,blue-collar,married,primary,no,431,yes,no,unknown,12,may,68,2,-1,0,unknown,no
49,technician,divorced,secondary,no,265,yes,no,unknown,12,may,274,6,-1,0,unknown,no
22,housemaid,single,secondary,no,650,yes,no,unknown,12,may,181,4,-1,0,unknown,no
28,technician,married,secondary,no,487,yes,no,unknown,13,may,176,4,-1,0,unknown,no
44,technician,single,tertiary,no,166,yes,no,unknown,13,may,267,3,-1,0,unknown,no
25,blue-collar,single,secondary,no,335,yes,no,unknown,13,may,164,1,-1,0,unknown,no
32,blue-collar,married,secondary,no,-428,yes,no,unknown,13,may,518,1,-1,0,unknown,no
42,blue-collar,married,secondary,no,-1664,yes,no,unknown,13,may,169,1,-1,0,unknown,no
40,services,married,secondary,no,2172,yes,yes,unknown,13,may,1386,1,-1,0,unknown,no
25,admin.,single,secondary,no,768,yes,no,unknown,13,may,203,1,-1,0,unknown,no
37,admin.,married,secondary,no,36,yes,no,unknown,13,may,428,1,-1,0,unknown,no
29,blue-collar,married,primary,no,0,yes,no,unknown,13,may,53,1,-1,0,unknown,no
22,management,single,secondary,no,594,yes,no,unknown,13,may,154,1,-1,0,unknown,no
31,technician,single,tertiary,no,279,yes,no,unknown,13,may,198,1,-1,0,unknown,no
33,blue-collar,married,primary,no,1309,yes,no,unknown,13,may,262,1,-1,0,unknown,no
30,blue-collar,married,secondary,no,173,yes,no,unknown,13,may,217,1,-1,0,unknown,no
20,services,single,secondary,no,-103,yes,no,unknown,13,may,180,1,-1,0,unknown,no
37,services,single,secondary,no,1950,yes,no,unknown,13,may,370,1,-1,0,unknown,no
31,admin.,divorced,secondary,no,253,yes,no,unknown,13,may,289,2,-1,0,unknown,no
34,management,married,tertiary,no,1557,yes,yes,unknown,13,may,213,1,-1,0,unknown,no
25,blue-collar,single,secondary,no,-250,yes,no,unknown,13,may,456,1,-1,0,unknown,no
47,unemployed,married,secondary,no,955,yes,no,unknown,13,may,47,1,-1,0,unknown,no
26,blue-collar,single,secondary,no,-204,yes,no,unknown,13,may,609,2,-1,0,unknown,no
51,services,married,unknown,no,193,yes,no,unknown,13,may,202,3,-1,0,unknown,no
59,retired,married,secondary,no,3382,yes,no,unknown,13,may,806,1,-1,0,unknown,no
42,management,married,tertiary,no,1823,yes,no,unknown,13,may,31,1,-1,0,unknown,no
40,self-employed,married,primary,no,92,yes,no,unknown,13,may,92,1,-1,0,unknown,no
32,technician,married,tertiary,no,463,yes,no,unknown,13,may,128,2,-1,0,unknown,no
55,technician,married,unknown,no,1192,yes,no,unknown,13,may,481,1,-1,0,unknown,no
59,retired,married,secondary,no,2376,no,no,unknown,13,may,766,1,-1,0,unknown,no
23,entrepreneur,single,primary,no,4,yes,no,unknown,13,may,395,2,-1,0,unknown,yes
45,technician,married,secondary,no,639,yes,no,unknown,13,may,192,1,-1,0,unknown,no
48,services,married,secondary,no,1199,yes,no,unknown,13,may,76,1,-1,0,unknown,no
49,management,married,tertiary,no,400,yes,no,unknown,13,may,122,1,-1,0,unknown,no
44,management,married,tertiary,no,6203,yes,yes,unknown,13,may,129,1,-1,0,unknown,no
52,services,divorced,secondary,no,1635,yes,no,unknown,13,may,730,1,-1,0,unknown,no
54,admin.,divorced,secondary,no,1814,no,no,unknown,13,may,521,1,-1,0,unknown,no
46,management,married,tertiary,no,48,no,no,unknown,13,may,120,1,-1,0,unknown,no
44,blue-collar,married,secondary,no,476,yes,no,unknown,13,may,473,1,-1,0,unknown,no
45,blue-collar,married,secondary,no,8680,yes,no,unknown,13,may,503,1,-1,0,unknown,no
45,entrepreneur,divorced,tertiary,no,0,yes,no,unknown,13,may,170,1,-1,0,unknown,no
24,blue-collar,single,unknown,no,11,yes,no,unknown,13,may,109,2,-1,0,unknown,no
25,management,single,tertiary,no,1270,yes,no,unknown,13,may,124,2,-1,0,unknown,no
53,retired,married,tertiary,no,1691,no,no,unknown,13,may,916,2,-1,0,unknown,no
29,blue-collar,divorced,unknown,no,17,yes,no,unknown,13,may,31,2,-1,0,unknown,no
49,self-employed,married,secondary,no,358,yes,yes,unknown,13,may,176,3,-1,0,unknown,no
46,blue-collar,divorced,primary,no,274,yes,no,unknown,13,may,20,1,-1,0,unknown,no
60,admin.,divorced,unknown,no,791,yes,no,unknown,13,may,144,1,-1,0,unknown,no
51,technician,married,secondary,no,12061,yes,no,unknown,13,may,332,1,-1,0,unknown,no
44,management,married,tertiary,no,126,yes,no,unknown,13,may,92,1,-1,0,unknown,no
41,blue-collar,married,secondary,no,641,yes,no,unknown,13,may,161,1,-1,0,unknown,no
44,admin.,married,secondary,no,1423,yes,no,unknown,13,may,162,4,-1,0,unknown,no
44,technician,single,tertiary,no,607,yes,no,unknown,13,may,119,2,-1,0,unknown,no
44,technician,married,secondary,no,3790,yes,no,unknown,13,may,342,2,-1,0,unknown,no
57,blue-collar,married,primary,no,1460,no,no,unknown,13,may,91,2,-1,0,unknown,no
40,services,married,primary,no,1117,yes,no,unknown,13,may,280,1,-1,0,unknown,no
48,management,married,tertiary,no,2218,yes,no,unknown,13,may,43,2,-1,0,unknown,no
48,entrepreneur,married,tertiary,no,313,yes,no,unknown,13,may,195,2,-1,0,unknown,no
49,management,married,tertiary,no,12482,yes,yes,unknown,13,may,46,3,-1,0,unknown,no
44,services,divorced,secondary,no,0,yes,yes,unknown,13,may,97,1,-1,0,unknown,no
43,blue-collar,married,primary,no,17,yes,no,unknown,13,may,119,10,-1,0,unknown,no
41,blue-collar,divorced,secondary,no,14,yes,yes,unknown,13,may,65,6,-1,0,unknown,no
47,blue-collar,married,primary,no,2466,yes,no,unknown,13,may,142,2,-1,0,unknown,no
47,blue-collar,married,unknown,no,1045,yes,no,unknown,13,may,411,2,-1,0,unknown,no
44,blue-collar,married,secondary,no,1340,yes,no,unknown,13,may,244,1,-1,0,unknown,no
47,technician,married,secondary,no,449,yes,yes,unknown,13,may,92,4,-1,0,unknown,no
52,entrepreneur,married,unknown,no,0,yes,no,unknown,13,may,165,2,-1,0,unknown,no
52,blue-collar,married,secondary,no,161,yes,no,unknown,13,may,274,2,-1,0,unknown,no
31,technician,married,tertiary,no,0,yes,yes,unknown,13,may,164,2,-1,0,unknown,no
44,management,single,tertiary,no,9956,yes,no,unknown,13,may,194,2,-1,0,unknown,no
59,self-employed,married,tertiary,no,593,no,no,unknown,13,may,64,2,-1,0,unknown,no
55,retired,married,secondary,no,493,yes,no,unknown,13,may,647,7,-1,0,unknown,no
44,blue-collar,married,primary,no,617,yes,no,unknown,13,may,227,2,-1,0,unknown,no
40,entrepreneur,married,tertiary,no,1089,yes,yes,unknown,13,may,195,5,-1,0,unknown,no
33,services,married,secondary,no,184,yes,no,unknown,13,may,109,4,-1,0,unknown,no
57,admin.,married,secondary,no,7,yes,no,unknown,14,may,65,6,-1,0,unknown,no
42,blue-collar,divorced,primary,no,419,yes,yes,unknown,14,may,96,4,-1,0,unknown,no
57,services,single,secondary,no,2236,yes,no,unknown,14,may,73,2,-1,0,unknown,no
38,management,divorced,tertiary,no,547,yes,no,unknown,14,may,137,4,-1,0,unknown,no
29,blue-collar,married,secondary,no,23,yes,no,unknown,14,may,219,4,-1,0,unknown,no
30,blue-collar,single,secondary,yes,447,no,no,unknown,14,may,103,6,-1,0,unknown,no
58,blue-collar,married,unknown,no,4871,yes,no,unknown,14,may,133,2,-1,0,unknown,no
52,technician,married,secondary,no,0,yes,yes,unknown,14,may,77,2,-1,0,unknown,no
52,housemaid,married,secondary,no,3923,yes,no,unknown,14,may,942,3,-1,0,unknown,yes
54,technician,divorced,secondary,no,447,yes,no,unknown,14,may,146,4,-1,0,unknown,no
40,blue-collar,married,secondary,no,-31,yes,no,unknown,14,may,117,4,-1,0,unknown,no
53,technician,divorced,primary,no,1443,yes,no,unknown,14,may,476,1,-1,0,unknown,yes
52,management,married,tertiary,no,258,no,no,unknown,14,may,188,1,-1,0,unknown,no
48,management,married,primary,no,247,yes,yes,unknown,14,may,145,1,-1,0,unknown,no
34,technician,single,secondary,no,302,yes,no,unknown,14,may,282,1,-1,0,unknown,no
43,technician,divorced,secondary,no,0,no,no,unknown,14,may,333,1,-1,0,unknown,no
47,blue-collar,married,primary,no,4666,no,no,unknown,14,may,451,3,-1,0,unknown,no
45,technician,married,secondary,no,0,yes,yes,unknown,14,may,246,2,-1,0,unknown,no
48,blue-collar,divorced,primary,no,24,yes,no,unknown,14,may,832,1,-1,0,unknown,yes
46,technician,married,secondary,no,1029,yes,no,unknown,14,may,142,1,-1,0,unknown,no
47,technician,divorced,secondary,no,4135,yes,no,unknown,14,may,283,8,-1,0,unknown,no
42,management,married,tertiary,no,877,yes,no,unknown,14,may,238,1,-1,0,unknown,no
41,blue-collar,single,primary,no,1618,yes,no,unknown,14,may,1553,1,-1,0,unknown,yes
42,admin.,divorced,secondary,no,146,yes,no,unknown,14,may,148,2,-1,0,unknown,no
41,services,married,secondary,no,4505,yes,no,unknown,14,may,108,2,-1,0,unknown,no
57,management,married,tertiary,no,0,yes,no,unknown,14,may,124,1,-1,0,unknown,no
33,technician,single,secondary,no,261,yes,no,unknown,14,may,622,1,-1,0,unknown,no
49,entrepreneur,married,secondary,no,1160,yes,no,unknown,14,may,153,1,-1,0,unknown,no
39,management,divorced,tertiary,no,517,yes,yes,unknown,14,may,1328,1,-1,0,unknown,yes
37,blue-collar,married,secondary,no,15801,yes,no,unknown,14,may,456,9,-1,0,unknown,no
60,technician,married,secondary,no,2639,yes,no,unknown,14,may,483,2,-1,0,unknown,no
42,admin.,divorced,secondary,no,1076,yes,no,unknown,14,may,213,1,-1,0,unknown,no
43,blue-collar,married,secondary,no,2706,yes,yes,unknown,14,may,44,1,-1,0,unknown,no
51,management,divorced,tertiary,no,482,yes,no,unknown,14,may,178,1,-1,0,unknown,no
47,blue-collar,married,secondary,no,2775,no,no,unknown,14,may,262,1,-1,0,unknown,no
49,blue-collar,married,secondary,no,611,yes,yes,unknown,14,may,179,1,-1,0,unknown,no
48,technician,married,secondary,no,427,no,no,unknown,14,may,201,1,-1,0,unknown,no
50,management,married,secondary,no,0,yes,no,unknown,14,may,94,4,-1,0,unknown,no
53,management,married,tertiary,no,4446,yes,no,unknown,14,may,429,1,-1,0,unknown,no
41,blue-collar,married,secondary,no,923,yes,no,unknown,14,may,249,2,-1,0,unknown,no
41,admin.,married,secondary,no,3634,yes,no,unknown,14,may,216,1,-1,0,unknown,no
40,blue-collar,divorced,secondary,no,2540,yes,no,unknown,14,may,189,1,-1,0,unknown,no
44,blue-collar,single,unknown,no,-101,yes,no,unknown,14,may,143,1,-1,0,unknown,no
57,admin.,divorced,primary,no,628,yes,yes,unknown,14,may,191,1,-1,0,unknown,no
41,blue-collar,married,secondary,no,235,yes,no,unknown,14,may,181,1,-1,0,unknown,no
44,technician,single,secondary,no,-27,yes,yes,unknown,14,may,100,3,-1,0,unknown,no
32,blue-collar,single,secondary,no,2285,yes,no,unknown,14,may,413,2,-1,0,unknown,no
46,blue-collar,married,secondary,no,243,yes,yes,unknown,14,may,345,2,-1,0,unknown,no
46,technician,divorced,secondary,no,3455,yes,no,unknown,14,may,566,2,-1,0,unknown,no
48,services,divorced,secondary,no,403,yes,no,unknown,14,may,364,1,-1,0,unknown,no
45,technician,married,primary,no,718,yes,no,unknown,14,may,135,1,-1,0,unknown,no
40,blue-collar,married,primary,no,3658,yes,no,unknown,14,may,977,1,-1,0,unknown,no
42,blue-collar,married,primary,no,329,yes,no,unknown,14,may,22,4,-1,0,unknown,no
30,blue-collar,married,secondary,no,128,yes,no,unknown,14,may,273,1,-1,0,unknown,no
36,services,married,secondary,no,338,no,no,unknown,14,may,90,1,-1,0,unknown,no
53,services,married,secondary,no,10749,yes,no,unknown,14,may,221,1,-1,0,unknown,no
48,technician,married,secondary,no,638,yes,no,unknown,14,may,217,1,-1,0,unknown,no
60,blue-collar,married,secondary,no,751,yes,no,unknown,14,may,115,3,-1,0,unknown,no
44,admin.,married,secondary,no,447,yes,yes,unknown,14,may,106,5,-1,0,unknown,no
29,management,single,tertiary,no,1952,yes,no,unknown,14,may,354,1,-1,0,unknown,no
44,blue-collar,married,secondary,no,2017,yes,no,unknown,14,may,74,3,-1,0,unknown,no
45,admin.,married,secondary,no,-31,yes,no,unknown,14,may,295,2,-1,0,unknown,no
41,admin.,married,tertiary,no,5426,yes,no,unknown,14,may,149,2,-1,0,unknown,no
34,self-employed,single,tertiary,no,2800,yes,no,unknown,14,may,668,1,-1,0,unknown,no
49,technician,married,secondary,no,6050,yes,no,unknown,14,may,229,2,-1,0,unknown,no
42,technician,married,tertiary,no,2106,yes,yes,unknown,14,may,162,2,-1,0,unknown,no
45,services,divorced,secondary,no,864,yes,no,unknown,14,may,183,2,-1,0,unknown,no
43,services,divorced,secondary,no,206,yes,no,unknown,14,may,436,1,-1,0,unknown,no
48,technician,single,secondary,no,9131,yes,no,unknown,14,may,902,5,-1,0,unknown,no
45,blue-collar,married,primary,no,532,yes,no,unknown,14,may,137,2,-1,0,unknown,no
27,blue-collar,single,secondary,no,1150,yes,no,unknown,14,may,282,1,-1,0,unknown,no
45,admin.,married,secondary,no,137,yes,no,unknown,14,may,427,1,-1,0,unknown,no
40,technician,single,secondary,no,277,yes,no,unknown,14,may,274,2,-1,0,unknown,no
47,blue-collar,married,secondary,no,3630,yes,no,unknown,14,may,133,4,-1,0,unknown,no
31,admin.,married,secondary,no,0,yes,no,unknown,14,may,40,2,-1,0,unknown,no
44,blue-collar,married,primary,no,-295,yes,no,unknown,14,may,303,4,-1,0,unknown,no
41,admin.,single,secondary,no,30,yes,no,unknown,14,may,211,3,-1,0,unknown,no
36,admin.,married,secondary,no,402,yes,no,unknown,14,may,482,2,-1,0,unknown,no
49,blue-collar,married,secondary,no,2631,yes,no,unknown,14,may,76,2,-1,0,unknown,no
44,technician,married,secondary,no,2626,yes,no,unknown,14,may,567,3,-1,0,unknown,no
36,blue-collar,married,unknown,no,-389,yes,no,unknown,14,may,76,9,-1,0,unknown,no
42,blue-collar,married,unknown,no,1260,yes,no,unknown,14,may,79,3,-1,0,unknown,no
50,blue-collar,married,secondary,no,810,yes,no,unknown,14,may,19,14,-1,0,unknown,no
30,admin.,single,secondary,yes,-35,yes,no,unknown,14,may,1204,4,-1,0,unknown,no
32,management,single,tertiary,no,0,yes,no,unknown,15,may,86,4,-1,0,unknown,no
42,unemployed,married,primary,no,259,yes,no,unknown,15,may,155,6,-1,0,unknown,no
50,blue-collar,married,primary,no,5131,yes,no,unknown,15,may,114,2,-1,0,unknown,no
48,admin.,married,secondary,no,2235,yes,yes,unknown,15,may,755,2,-1,0,unknown,no
43,admin.,single,secondary,no,56831,no,no,unknown,15,may,243,1,-1,0,unknown,no
47,technician,married,secondary,no,201,yes,no,unknown,15,may,254,1,-1,0,unknown,no
60,retired,married,secondary,no,2537,yes,yes,unknown,15,may,230,1,-1,0,unknown,no
48,services,married,secondary,no,6127,yes,no,unknown,15,may,97,1,-1,0,unknown,no
45,blue-collar,married,secondary,no,4509,yes,no,unknown,15,may,135,1,-1,0,unknown,no
46,admin.,divorced,secondary,no,2515,yes,yes,unknown,15,may,65,1,-1,0,unknown,no
48,admin.,divorced,secondary,no,1108,yes,no,unknown,15,may,420,1,-1,0,unknown,no
43,retired,married,secondary,no,56,yes,yes,unknown,15,may,259,1,-1,0,unknown,no
40,services,married,secondary,no,4157,yes,no,unknown,15,may,735,1,-1,0,unknown,no
57,management,married,secondary,no,3381,yes,no,unknown,15,may,75,1,-1,0,unknown,no
42,technician,single,secondary,no,1882,yes,no,unknown,15,may,87,1,-1,0,unknown,no
42,blue-collar,married,secondary,no,9359,yes,no,unknown,15,may,197,1,-1,0,unknown,no
60,retired,divorced,secondary,no,2479,yes,yes,unknown,15,may,157,1,-1,0,unknown,no
41,blue-collar,divorced,primary,no,1563,yes,no,unknown,15,may,112,1,-1,0,unknown,no
50,blue-collar,single,secondary,no,708,yes,no,unknown,15,may,104,1,-1,0,unknown,no
49,entrepreneur,married,tertiary,no,221,yes,no,unknown,15,may,305,1,-1,0,unknown,no
29,management,married,tertiary,no,137,yes,yes,unknown,15,may,1088,2,-1,0,unknown,no
50,blue-collar,married,unknown,no,605,yes,no,unknown,15,may,200,1,-1,0,unknown,no
46,blue-collar,married,secondary,no,1004,yes,no,unknown,15,may,34,1,-1,0,unknown,no
44,blue-collar,single,primary,no,116,yes,no,unknown,15,may,160,1,-1,0,unknown,no
46,services,married,secondary,no,523,no,no,unknown,15,may,504,3,-1,0,unknown,no
34,housemaid,married,primary,no,87,yes,no,unknown,15,may,139,2,-1,0,unknown,no
41,services,married,secondary,no,957,yes,no,unknown,15,may,326,4,-1,0,unknown,no
47,blue-collar,married,primary,yes,-1385,yes,yes,unknown,15,may,77,1,-1,0,unknown,no
45,blue-collar,married,primary,no,1992,yes,no,unknown,15,may,163,1,-1,0,unknown,no
51,management,single,tertiary,no,6510,no,no,unknown,15,may,30,1,-1,0,unknown,no
42,blue-collar,married,primary,no,666,yes,no,unknown,15,may,202,3,-1,0,unknown,no
54,entrepreneur,married,secondary,no,653,yes,no,unknown,15,may,352,1,-1,0,unknown,no
51,self-employed,divorced,secondary,no,154,yes,no,unknown,15,may,285,1,-1,0,unknown,no
53,blue-collar,married,unknown,no,2785,yes,no,unknown,15,may,1165,1,-1,0,unknown,no
53,admin.,single,secondary,no,1178,yes,no,unknown,15,may,295,2,-1,0,unknown,no
42,blue-collar,married,primary,no,3405,yes,no,unknown,15,may,221,2,-1,0,unknown,no
41,blue-collar,married,primary,no,849,yes,no,unknown,15,may,72,1,-1,0,unknown,no
46,blue-collar,married,primary,no,346,yes,no,unknown,15,may,402,1,-1,0,unknown,no
41,admin.,married,primary,no,-306,yes,no,unknown,15,may,500,1,-1,0,unknown,yes
30,blue-collar,married,primary,no,124,yes,no,unknown,15,may,126,4,-1,0,unknown,no
41,blue-collar,married,secondary,no,680,yes,no,unknown,15,may,173,2,-1,0,unknown,no
28,blue-collar,married,secondary,no,86,yes,yes,unknown,15,may,918,1,-1,0,unknown,no
54,admin.,married,unknown,no,3965,yes,no,unknown,15,may,138,2,-1,0,unknown,no
39,unemployed,divorced,secondary,no,193,yes,no,unknown,15,may,73,1,-1,0,unknown,no
41,management,married,tertiary,no,6060,yes,no,unknown,15,may,71,2,-1,0,unknown,no
47,blue-collar,married,secondary,no,3237,yes,no,unknown,15,may,198,3,-1,0,unknown,no
41,entrepreneur,divorced,tertiary,no,252,no,no,unknown,15,may,57,2,-1,0,unknown,no
46,blue-collar,married,secondary,no,84,yes,no,unknown,15,may,49,1,-1,0,unknown,no
57,services,married,secondary,no,84,yes,no,unknown,15,may,59,1,-1,0,unknown,no
35,blue-collar,single,primary,no,1215,yes,no,unknown,15,may,597,1,-1,0,unknown,no
56,technician,married,secondary,no,28,yes,no,unknown,15,may,236,1,-1,0,unknown,no
58,self-employed,married,secondary,no,0,yes,no,unknown,15,may,272,9,-1,0,unknown,no
42,services,married,secondary,no,1048,yes,no,unknown,15,may,51,1,-1,0,unknown,no
54,blue-collar,married,primary,no,24,yes,no,unknown,15,may,34,1,-1,0,unknown,no
42,admin.,married,secondary,no,281,yes,no,unknown,15,may,118,1,-1,0,unknown,no
25,student,single,secondary,no,1139,yes,no,unknown,15,may,22,3,-1,0,unknown,no
32,admin.,single,secondary,no,287,no,no,unknown,15,may,465,3,-1,0,unknown,no
33,blue-collar,single,primary,no,279,yes,no,unknown,15,may,113,1,-1,0,unknown,no
33,technician,single,secondary,no,402,yes,yes,unknown,15,may,59,1,-1,0,unknown,no
32,services,married,secondary,no,401,yes,no,unknown,15,may,294,2,-1,0,unknown,no
46,admin.,married,primary,no,31,yes,no,unknown,15,may,144,1,-1,0,unknown,no
56,blue-collar,single,primary,no,739,yes,no,unknown,15,may,95,1,-1,0,unknown,no
43,blue-collar,married,secondary,no,4520,yes,no,unknown,15,may,100,4,-1,0,unknown,no
27,blue-collar,single,secondary,no,228,yes,yes,unknown,15,may,186,5,-1,0,unknown,no
44,technician,married,secondary,no,185,yes,no,unknown,15,may,194,2,-1,0,unknown,no
41,blue-collar,married,primary,no,2453,yes,no,unknown,15,may,1052,1,-1,0,unknown,yes
46,blue-collar,married,secondary,no,756,yes,no,unknown,15,may,401,7,-1,0,unknown,no
34,blue-collar,married,unknown,no,-17,yes,no,unknown,15,may,319,7,-1,0,unknown,no
54,blue-collar,married,primary,no,-219,yes,no,unknown,15,may,276,4,-1,0,unknown,no
55,technician,married,secondary,no,2014,yes,yes,unknown,15,may,253,2,-1,0,unknown,no
25,blue-collar,single,secondary,no,0,yes,no,unknown,15,may,244,2,-1,0,unknown,no
50,blue-collar,married,secondary,no,1604,yes,no,unknown,15,may,267,5,-1,0,unknown,no
36,management,married,tertiary,no,900,yes,no,unknown,15,may,475,2,-1,0,unknown,no
32,services,single,secondary,no,772,yes,no,unknown,15,may,697,3,-1,0,unknown,yes
46,technician,divorced,secondary,no,435,yes,no,unknown,15,may,192,3,-1,0,unknown,no
48,blue-collar,married,primary,no,575,no,no,unknown,15,may,101,3,-1,0,unknown,no
59,retired,divorced,secondary,no,337,yes,no,unknown,15,may,118,4,-1,0,unknown,no
45,technician,married,secondary,no,-237,yes,yes,unknown,15,may,71,3,-1,0,unknown,no
55,technician,married,tertiary,no,874,yes,no,unknown,15,may,314,11,-1,0,unknown,no
60,admin.,married,secondary,no,1880,yes,no,unknown,15,may,196,4,-1,0,unknown,no
47,technician,married,secondary,no,2781,yes,no,unknown,15,may,855,4,-1,0,unknown,no
56,blue-collar,married,secondary,no,-382,yes,no,unknown,15,may,278,4,-1,0,unknown,no
42,blue-collar,married,primary,no,2519,yes,no,unknown,15,may,262,4,-1,0,unknown,no
23,services,single,secondary,no,75,yes,no,unknown,15,may,448,4,-1,0,unknown,no
31,technician,single,tertiary,no,56,no,no,unknown,15,may,320,3,-1,0,unknown,no
29,technician,married,secondary,no,84,yes,no,unknown,15,may,222,12,-1,0,unknown,no
39,blue-collar,single,primary,no,-21,no,no,unknown,15,may,121,3,-1,0,unknown,no
52,technician,divorced,secondary,no,409,yes,no,unknown,15,may,73,7,-1,0,unknown,no
58,management,divorced,tertiary,no,1533,no,no,unknown,15,may,137,2,-1,0,unknown,no
51,self-employed,single,secondary,no,1640,yes,no,unknown,15,may,67,4,-1,0,unknown,no
41,management,single,tertiary,no,480,yes,no,unknown,15,may,178,2,-1,0,unknown,no
55,technician,married,secondary,no,0,yes,no,unknown,16,may,248,3,-1,0,unknown,no
41,technician,single,secondary,no,2919,yes,no,unknown,16,may,329,3,-1,0,unknown,no
60,management,divorced,secondary,no,773,yes,yes,unknown,16,may,597,22,-1,0,unknown,no
41,management,married,secondary,no,218,yes,no,unknown,16,may,247,1,-1,0,unknown,no
40,blue-collar,single,secondary,no,1101,yes,no,unknown,16,may,214,1,-1,0,unknown,no
57,management,married,tertiary,no,3431,yes,no,unknown,16,may,73,1,-1,0,unknown,no
29,technician,single,tertiary,no,47,yes,no,unknown,16,may,111,11,-1,0,unknown,no
33,management,married,tertiary,no,273,yes,no,unknown,16,may,803,1,-1,0,unknown,yes
45,technician,married,secondary,no,999,yes,no,unknown,16,may,656,2,-1,0,unknown,no
53,unemployed,married,secondary,no,76,yes,yes,unknown,16,may,283,1,-1,0,unknown,no
31,technician,divorced,secondary,no,268,no,no,unknown,16,may,118,2,-1,0,unknown,no
25,admin.,married,secondary,no,16,yes,no,unknown,16,may,129,1,-1,0,unknown,no
43,services,divorced,secondary,no,207,yes,no,unknown,16,may,132,1,-1,0,unknown,no
56,management,divorced,tertiary,no,975,yes,no,unknown,16,may,130,4,-1,0,unknown,no
44,housemaid,married,primary,yes,-972,yes,yes,unknown,16,may,114,2,-1,0,unknown,no
32,management,single,tertiary,no,0,no,no,unknown,16,may,91,1,-1,0,unknown,no
31,admin.,married,secondary,no,468,yes,no,unknown,16,may,159,1,-1,0,unknown,no
43,admin.,single,secondary,no,6,no,no,unknown,16,may,244,1,-1,0,unknown,no
29,services,single,secondary,no,-142,yes,no,unknown,16,may,140,1,-1,0,unknown,no
33,blue-collar,divorced,secondary,no,-131,yes,no,unknown,16,may,145,1,-1,0,unknown,no
24,blue-collar,married,secondary,no,142,yes,yes,unknown,16,may,300,1,-1,0,unknown,no
34,technician,single,secondary,no,0,yes,yes,unknown,16,may,214,1,-1,0,unknown,no
26,blue-collar,divorced,secondary,no,241,yes,no,unknown,16,may,136,1,-1,0,unknown,no
43,management,married,secondary,no,-26,yes,no,unknown,16,may,343,1,-1,0,unknown,no
36,technician,single,tertiary,no,705,yes,no,unknown,16,may,111,1,-1,0,unknown,no
59,admin.,divorced,secondary,no,174,yes,no,unknown,16,may,204,1,-1,0,unknown,no
56,retired,married,secondary,no,3690,yes,yes,unknown,16,may,178,2,-1,0,unknown,no
30,blue-collar,single,unknown,no,194,yes,no,unknown,16,may,410,1,-1,0,unknown,no
30,blue-collar,single,secondary,no,75,yes,no,unknown,16,may,123,1,-1,0,unknown,no
32,blue-collar,married,secondary,no,1197,yes,yes,unknown,16,may,241,1,-1,0,unknown,no
40,self-employed,married,tertiary,no,1126,yes,no,unknown,16,may,22,4,-1,0,unknown,no
37,blue-collar,single,primary,no,117,yes,no,unknown,16,may,196,3,-1,0,unknown,no
23,admin.,single,secondary,no,178,yes,no,unknown,16,may,107,1,-1,0,unknown,no
30,self-employed,single,secondary,no,299,yes,no,unknown,16,may,679,17,-1,0,unknown,no
38,unemployed,married,primary,no,113,yes,no,unknown,16,may,27,2,-1,0,unknown,no
58,retired,married,primary,no,269,yes,no,unknown,16,may,38,2,-1,0,unknown,no
36,blue-collar,married,secondary,no,63,yes,no,unknown,16,may,322,2,-1,0,unknown,no
25,services,single,secondary,no,32,yes,no,unknown,16,may,124,1,-1,0,unknown,no
30,technician,single,tertiary,no,236,yes,no,unknown,16,may,197,1,-1,0,unknown,no
57,housemaid,married,primary,no,260,yes,no,unknown,16,may,38,3,-1,0,unknown,no
29,blue-collar,single,primary,no,-63,yes,no,unknown,16,may,410,3,-1,0,unknown,no
37,blue-collar,single,unknown,no,2188,no,no,unknown,16,may,193,8,-1,0,unknown,no
56,housemaid,married,primary,no,82,no,no,unknown,16,may,215,1,-1,0,unknown,no
32,blue-collar,single,primary,no,100,yes,no,unknown,16,may,376,2,-1,0,unknown,no
53,blue-collar,married,primary,no,634,yes,no,unknown,16,may,475,2,-1,0,unknown,no
27,management,single,tertiary,no,-98,yes,yes,unknown,16,may,344,2,-1,0,unknown,no
44,admin.,married,secondary,no,73,yes,no,unknown,16,may,404,1,-1,0,unknown,no
50,admin.,divorced,secondary,no,363,yes,no,unknown,16,may,1340,1,-1,0,unknown,yes
27,technician,single,tertiary,no,3706,yes,no,unknown,16,may,897,1,-1,0,unknown,yes
29,self-employed,single,secondary,no,272,yes,no,unknown,16,may,123,3,-1,0,unknown,no
43,services,married,primary,no,822,yes,no,unknown,16,may,112,1,-1,0,unknown,no
40,technician,married,primary,no,6110,yes,no,unknown,16,may,217,1,-1,0,unknown,no
47,services,married,secondary,no,837,yes,yes,unknown,16,may,136,1,-1,0,unknown,no
60,retired,married,primary,no,458,yes,no,unknown,16,may,103,1,-1,0,unknown,no
55,services,married,unknown,no,-45,yes,no,unknown,16,may,764,7,-1,0,unknown,no
60,management,married,tertiary,no,36,yes,no,unknown,16,may,194,3,-1,0,unknown,no
35,admin.,single,primary,no,8,yes,no,unknown,16,may,148,18,-1,0,unknown,no
42,blue-collar,married,secondary,no,314,yes,yes,unknown,16,may,269,2,-1,0,unknown,no
27,services,single,secondary,no,194,yes,no,unknown,16,may,326,1,-1,0,unknown,no
45,technician,single,tertiary,no,4537,yes,no,unknown,16,may,337,2,-1,0,unknown,no
27,technician,married,tertiary,no,276,no,no,unknown,16,may,218,2,-1,0,unknown,no
25,admin.,single,secondary,no,304,no,no,unknown,16,may,523,3,-1,0,unknown,no
36,management,married,tertiary,no,1125,yes,yes,unknown,16,may,339,5,-1,0,unknown,no
33,management,married,tertiary,no,307,no,no,unknown,16,may,806,4,-1,0,unknown,no
41,blue-collar,single,primary,no,1649,yes,no,unknown,16,may,312,3,-1,0,unknown,no
49,management,married,primary,no,267,yes,no,unknown,16,may,198,5,-1,0,unknown,no
34,management,divorced,tertiary,no,488,yes,no,unknown,16,may,4,2,-1,0,unknown,no
46,unknown,married,unknown,no,300,yes,no,unknown,16,may,323,3,-1,0,unknown,no
44,technician,divorced,secondary,no,399,yes,no,unknown,16,may,148,9,-1,0,unknown,no
41,blue-collar,divorced,secondary,no,-104,yes,no,unknown,16,may,32,3,-1,0,unknown,no
41,blue-collar,single,primary,no,0,yes,no,unknown,16,may,522,5,-1,0,unknown,no
30,technician,single,secondary,no,863,yes,no,unknown,16,may,1193,5,-1,0,unknown,yes
35,services,single,secondary,no,568,yes,no,unknown,16,may,469,2,-1,0,unknown,no
57,blue-collar,married,unknown,no,97,yes,no,unknown,16,may,260,6,-1,0,unknown,no
55,unknown,married,tertiary,no,0,no,no,unknown,16,may,409,3,-1,0,unknown,no
32,admin.,married,secondary,no,193,yes,no,unknown,16,may,294,4,-1,0,unknown,no
23,blue-collar,single,secondary,no,105,yes,no,unknown,16,may,498,2,-1,0,unknown,no
46,services,married,secondary,no,271,yes,no,unknown,16,may,134,4,-1,0,unknown,no
42,self-employed,married,tertiary,no,1932,yes,no,unknown,16,may,192,32,-1,0,unknown,no
53,technician,divorced,tertiary,no,647,yes,no,unknown,16,may,512,6,-1,0,unknown,no
41,technician,married,primary,no,141,yes,no,unknown,16,may,299,4,-1,0,unknown,no
27,services,single,secondary,no,-20,no,no,unknown,16,may,757,6,-1,0,unknown,no
25,management,single,tertiary,no,99,yes,yes,unknown,16,may,102,4,-1,0,unknown,no
44,blue-collar,married,primary,no,-14,yes,yes,unknown,19,may,179,4,-1,0,unknown,no
37,entrepreneur,single,secondary,no,654,no,no,unknown,19,may,594,2,-1,0,unknown,no
50,management,divorced,primary,no,-6,yes,no,unknown,19,may,92,2,-1,0,unknown,no
26,technician,divorced,secondary,no,379,yes,yes,unknown,19,may,501,3,-1,0,unknown,no
46,blue-collar,married,tertiary,no,1497,yes,no,unknown,19,may,374,6,-1,0,unknown,no
45,blue-collar,married,secondary,no,1124,yes,no,unknown,19,may,37,1,-1,0,unknown,no
42,management,divorced,tertiary,no,0,no,no,unknown,19,may,131,2,-1,0,unknown,no
31,blue-collar,married,secondary,no,43,yes,no,unknown,19,may,405,3,-1,0,unknown,no
44,entrepreneur,married,secondary,yes,-848,yes,no,unknown,19,may,468,1,-1,0,unknown,no
43,technician,married,secondary,no,674,yes,yes,unknown,19,may,412,1,-1,0,unknown,no
30,blue-collar,single,primary,no,71,yes,no,unknown,19,may,122,6,-1,0,unknown,no
51,technician,single,secondary,no,4089,yes,no,unknown,19,may,318,1,-1,0,unknown,no
59,blue-collar,divorced,primary,no,457,yes,no,unknown,19,may,63,1,-1,0,unknown,no
38,services,married,secondary,no,3259,yes,no,unknown,19,may,241,1,-1,0,unknown,no
32,unemployed,married,secondary,no,2996,yes,no,unknown,19,may,68,1,-1,0,unknown,no
47,admin.,married,secondary,no,292,yes,no,unknown,19,may,82,3,-1,0,unknown,no
38,services,single,tertiary,no,323,yes,no,unknown,19,may,138,1,-1,0,unknown,no
43,blue-collar,married,primary,no,953,yes,no,unknown,19,may,135,1,-1,0,unknown,no
31,technician,single,secondary,no,87,yes,no,unknown,19,may,259,3,-1,0,unknown,no
38,technician,married,secondary,no,59,yes,no,unknown,19,may,18,1,-1,0,unknown,no
47,blue-collar,married,secondary,no,863,yes,no,unknown,19,may,943,2,-1,0,unknown,yes
45,entrepreneur,married,tertiary,no,369,yes,no,unknown,19,may,182,2,-1,0,unknown,no
42,housemaid,married,primary,no,14752,no,no,unknown,19,may,107,2,-1,0,unknown,no
28,student,single,tertiary,no,836,yes,no,unknown,19,may,36,1,-1,0,unknown,no
40,technician,married,tertiary,no,296,no,no,unknown,19,may,198,1,-1,0,unknown,no
56,blue-collar,married,secondary,no,25,yes,no,unknown,19,may,264,1,-1,0,unknown,no
41,services,single,secondary,no,197,yes,no,unknown,19,may,112,1,-1,0,unknown,no
49,technician,married,secondary,no,2718,no,no,unknown,19,may,114,2,-1,0,unknown,no
31,blue-collar,married,secondary,no,41,yes,no,unknown,19,may,265,1,-1,0,unknown,no
29,services,single,secondary,no,146,yes,no,unknown,19,may,104,2,-1,0,unknown,no
45,services,divorced,primary,no,242,yes,no,unknown,19,may,336,1,-1,0,unknown,no
24,technician,single,secondary,no,-46,yes,no,unknown,19,may,23,1,-1,0,unknown,no
26,blue-collar,single,secondary,no,-5,no,no,unknown,19,may,260,1,-1,0,unknown,no
26,management,married,tertiary,no,775,no,no,unknown,19,may,35,3,-1,0,unknown,no
31,admin.,married,secondary,no,97,yes,no,unknown,19,may,607,1,-1,0,unknown,yes
30,blue-collar,single,secondary,no,16,yes,no,unknown,19,may,127,5,-1,0,unknown,no
38,entrepreneur,married,secondary,no,680,yes,no,unknown,19,may,144,2,-1,0,unknown,no
42,services,married,secondary,no,2993,yes,no,unknown,19,may,136,2,-1,0,unknown,no
54,retired,divorced,primary,no,477,yes,no,unknown,19,may,335,4,-1,0,unknown,no
31,blue-collar,married,secondary,no,754,yes,no,unknown,19,may,1022,4,-1,0,unknown,yes
20,student,single,secondary,no,67,yes,no,unknown,19,may,387,1,-1,0,unknown,no
44,blue-collar,married,secondary,no,87,yes,no,unknown,19,may,193,3,-1,0,unknown,no
45,blue-collar,married,primary,no,2128,yes,no,unknown,19,may,149,4,-1,0,unknown,no
34,services,married,secondary,no,0,yes,no,unknown,19,may,115,4,-1,0,unknown,no
41,technician,married,secondary,no,459,yes,no,unknown,19,may,102,1,-1,0,unknown,no
40,services,single,secondary,no,464,yes,yes,unknown,19,may,183,7,-1,0,unknown,no
34,blue-collar,married,primary,no,-288,yes,no,unknown,19,may,643,1,-1,0,unknown,no
36,admin.,single,secondary,no,3457,no,no,unknown,19,may,103,4,-1,0,unknown,no
35,technician,married,unknown,no,208,yes,no,unknown,19,may,214,1,-1,0,unknown,no
32,blue-collar,single,secondary,no,476,yes,yes,unknown,19,may,503,2,-1,0,unknown,no
24,blue-collar,single,unknown,no,76,yes,no,unknown,19,may,345,1,-1,0,unknown,no
28,blue-collar,single,secondary,no,362,yes,no,unknown,19,may,263,1,-1,0,unknown,no
42,services,married,primary,no,2567,yes,no,unknown,19,may,401,2,-1,0,unknown,no
31,admin.,divorced,secondary,no,47,yes,no,unknown,19,may,34,9,-1,0,unknown,no
31,blue-collar,single,tertiary,no,462,yes,yes,unknown,19,may,147,1,-1,0,unknown,no
41,blue-collar,married,unknown,no,665,yes,no,unknown,19,may,142,3,-1,0,unknown,no
36,blue-collar,married,primary,no,2079,yes,yes,unknown,19,may,403,2,-1,0,unknown,no
31,blue-collar,married,secondary,no,9714,yes,no,unknown,19,may,182,2,-1,0,unknown,no
51,management,married,tertiary,no,642,no,no,unknown,19,may,183,2,-1,0,unknown,no
47,technician,divorced,secondary,no,1851,yes,no,unknown,19,may,140,2,-1,0,unknown,no
23,student,single,secondary,no,405,yes,no,unknown,19,may,134,3,-1,0,unknown,no
30,management,single,tertiary,no,358,yes,no,unknown,19,may,88,51,-1,0,unknown,no
55,blue-collar,married,secondary,no,212,yes,no,unknown,19,may,324,2,-1,0,unknown,no
36,technician,divorced,secondary,no,141,yes,no,unknown,19,may,165,5,-1,0,unknown,no
57,blue-collar,married,secondary,no,8195,yes,no,unknown,19,may,160,2,-1,0,unknown,no
44,technician,married,primary,no,177,yes,no,unknown,19,may,197,4,-1,0,unknown,no
34,blue-collar,divorced,secondary,no,164,yes,no,unknown,19,may,102,13,-1,0,unknown,no
46,technician,divorced,unknown,no,103,no,no,unknown,19,may,158,5,-1,0,unknown,no
54,blue-collar,married,secondary,no,233,yes,no,unknown,19,may,220,3,-1,0,unknown,no
45,blue-collar,married,unknown,no,1263,yes,no,unknown,19,may,283,3,-1,0,unknown,no
23,technician,single,unknown,no,710,yes,no,unknown,19,may,374,6,-1,0,unknown,no
35,admin.,married,secondary,no,846,yes,yes,unknown,19,may,175,2,-1,0,unknown,no
31,blue-collar,married,primary,no,352,yes,no,unknown,19,may,97,9,-1,0,unknown,no
53,admin.,married,tertiary,yes,6,no,no,unknown,19,may,105,11,-1,0,unknown,no
52,services,married,unknown,no,337,yes,no,unknown,19,may,85,3,-1,0,unknown,no
50,technician,married,unknown,no,413,yes,no,unknown,19,may,243,2,-1,0,unknown,no
27,admin.,single,secondary,no,3776,yes,no,unknown,19,may,217,2,-1,0,unknown,no
51,management,married,unknown,no,6482,yes,no,unknown,19,may,182,2,-1,0,unknown,no
34,blue-collar,married,primary,no,183,yes,no,unknown,19,may,3078,4,-1,0,unknown,no
38,management,single,tertiary,no,690,yes,no,unknown,20,may,34,1,-1,0,unknown,no
39,admin.,married,secondary,no,6421,no,yes,unknown,20,may,661,1,-1,0,unknown,no
39,blue-collar,married,secondary,no,298,yes,no,unknown,20,may,216,1,-1,0,unknown,no
47,blue-collar,married,secondary,no,290,yes,no,unknown,20,may,409,2,-1,0,unknown,no
31,blue-collar,married,secondary,no,-88,yes,no,unknown,20,may,202,6,-1,0,unknown,no
31,services,divorced,secondary,no,1222,yes,no,unknown,20,may,532,1,-1,0,unknown,no
40,technician,married,secondary,no,1259,no,no,unknown,20,may,234,5,-1,0,unknown,no
35,technician,single,secondary,no,1861,yes,no,unknown,20,may,297,1,-1,0,unknown,no
33,admin.,single,tertiary,no,622,yes,no,unknown,20,may,243,1,-1,0,unknown,no
31,student,single,secondary,no,368,yes,no,unknown,20,may,81,1,-1,0,unknown,no
36,unemployed,married,secondary,no,733,yes,no,unknown,20,may,335,1,-1,0,unknown,no
32,services,married,secondary,no,364,yes,no,unknown,20,may,466,1,-1,0,unknown,no
36,services,married,secondary,no,380,yes,no,unknown,20,may,26,1,-1,0,unknown,no
32,unemployed,married,secondary,no,93,yes,no,unknown,20,may,203,2,-1,0,unknown,no
33,blue-collar,married,tertiary,no,6138,yes,no,unknown,20,may,369,1,-1,0,unknown,no
30,blue-collar,single,secondary,no,4648,yes,no,unknown,20,may,37,1,-1,0,unknown,no
31,blue-collar,single,secondary,no,2089,yes,no,unknown,20,may,34,1,-1,0,unknown,no
36,technician,married,secondary,no,412,yes,yes,unknown,20,may,127,1,-1,0,unknown,no
32,management,single,tertiary,no,863,yes,no,unknown,20,may,264,1,-1,0,unknown,no
33,services,married,secondary,no,5499,yes,no,unknown,20,may,231,1,-1,0,unknown,no
59,admin.,divorced,secondary,no,-41,yes,yes,unknown,20,may,171,1,-1,0,unknown,no
38,blue-collar,married,secondary,no,732,yes,yes,unknown,20,may,269,1,-1,0,unknown,no
32,blue-collar,married,secondary,no,328,yes,no,unknown,20,may,132,1,-1,0,unknown,no
39,services,married,secondary,no,9374,yes,no,unknown,20,may,273,1,-1,0,unknown,no
33,housemaid,married,tertiary,no,4958,yes,no,unknown,20,may,434,1,-1,0,unknown,no
38,technician,single,secondary,no,614,yes,no,unknown,20,may,116,1,-1,0,unknown,no
34,admin.,married,secondary,no,1689,no,no,unknown,20,may,423,1,-1,0,unknown,no
35,blue-collar,single,primary,no,47,no,no,unknown,20,may,317,1,-1,0,unknown,no
42,management,married,secondary,no,2416,yes,no,unknown,20,may,138,4,-1,0,unknown,no
40,blue-collar,married,primary,no,-740,yes,no,unknown,20,may,126,3,-1,0,unknown,no
22,services,married,secondary,no,14,yes,yes,unknown,20,may,56,1,-1,0,unknown,no
36,blue-collar,divorced,secondary,no,221,yes,no,unknown,20,may,189,1,-1,0,unknown,no
32,blue-collar,single,secondary,no,706,yes,no,unknown,20,may,152,1,-1,0,unknown,no
35,self-employed,single,secondary,no,271,yes,no,unknown,20,may,68,1,-1,0,unknown,no
34,admin.,single,secondary,no,126,yes,no,unknown,20,may,61,2,-1,0,unknown,no
38,entrepreneur,married,primary,no,666,yes,no,unknown,20,may,1452,10,-1,0,unknown,no
33,services,married,unknown,no,89,yes,no,unknown,20,may,341,1,-1,0,unknown,no
59,retired,married,secondary,no,-313,yes,no,unknown,20,may,407,1,-1,0,unknown,no
29,services,single,secondary,no,0,yes,no,unknown,20,may,227,9,-1,0,unknown,no
33,technician,married,secondary,no,105,yes,yes,unknown,20,may,360,1,-1,0,unknown,no
41,services,divorced,secondary,no,83,no,no,unknown,20,may,834,6,-1,0,unknown,no
34,services,married,secondary,no,-93,yes,yes,unknown,20,may,194,1,-1,0,unknown,no
33,blue-collar,married,secondary,no,3259,yes,no,unknown,20,may,182,1,-1,0,unknown,no
34,management,married,tertiary,no,0,yes,no,unknown,20,may,150,1,-1,0,unknown,no
37,entrepreneur,married,secondary,no,5064,yes,no,unknown,20,may,79,1,-1,0,unknown,no
39,admin.,married,secondary,no,2019,yes,no,unknown,20,may,166,1,-1,0,unknown,no
38,self-employed,married,secondary,no,290,yes,no,unknown,20,may,369,1,-1,0,unknown,no
32,admin.,divorced,secondary,no,138,yes,yes,unknown,20,may,158,1,-1,0,unknown,no
37,entrepreneur,married,tertiary,no,4798,yes,no,unknown,20,may,156,2,-1,0,unknown,no
31,unemployed,married,secondary,no,296,yes,no,unknown,20,may,378,3,-1,0,unknown,no
39,blue-collar,married,primary,no,451,yes,no,unknown,20,may,383,1,-1,0,unknown,no
37,blue-collar,divorced,secondary,no,614,yes,no,unknown,20,may,185,1,-1,0,unknown,no
33,admin.,married,secondary,no,1467,yes,no,unknown,20,may,85,2,-1,0,unknown,no
36,entrepreneur,married,secondary,no,134,no,no,unknown,20,may,98,1,-1,0,unknown,no
32,blue-collar,married,secondary,no,4996,yes,no,unknown,20,may,205,2,-1,0,unknown,no
39,management,married,tertiary,no,351,yes,no,unknown,20,may,999,3,-1,0,unknown,no
34,blue-collar,married,secondary,no,2700,yes,no,unknown,20,may,446,2,-1,0,unknown,no
58,blue-collar,married,primary,no,99,yes,no,unknown,20,may,215,3,-1,0,unknown,no
34,admin.,single,secondary,no,1581,yes,yes,unknown,20,may,52,11,-1,0,unknown,no
44,services,married,secondary,no,1422,yes,no,unknown,20,may,129,8,-1,0,unknown,no
55,self-employed,married,secondary,no,-196,yes,no,unknown,20,may,210,2,-1,0,unknown,no
39,blue-collar,married,secondary,no,0,yes,no,unknown,20,may,165,2,-1,0,unknown,no
32,services,married,secondary,no,204,yes,yes,unknown,20,may,307,3,-1,0,unknown,no
37,blue-collar,married,secondary,no,32,yes,no,unknown,20,may,146,2,-1,0,unknown,no
45,blue-collar,married,primary,no,4170,yes,yes,unknown,20,may,114,3,-1,0,unknown,no
43,retired,married,secondary,no,520,yes,no,unknown,20,may,15,13,-1,0,unknown,no
36,blue-collar,married,secondary,no,362,yes,no,unknown,20,may,274,2,-1,0,unknown,no
52,services,married,secondary,no,0,yes,no,unknown,20,may,363,5,-1,0,unknown,no
36,services,married,secondary,no,183,yes,no,unknown,20,may,103,3,-1,0,unknown,no
34,technician,married,tertiary,no,0,yes,no,unknown,20,may,185,12,-1,0,unknown,no
27,technician,single,secondary,no,8,yes,no,unknown,20,may,777,3,-1,0,unknown,no
30,technician,single,secondary,no,659,yes,no,unknown,20,may,241,3,-1,0,unknown,no
56,services,married,secondary,no,530,yes,no,unknown,20,may,51,7,-1,0,unknown,no
41,blue-collar,married,primary,no,1250,yes,no,unknown,20,may,1392,2,-1,0,unknown,yes
49,management,married,secondary,no,543,yes,no,unknown,20,may,213,3,-1,0,unknown,no
60,blue-collar,married,primary,no,674,yes,no,unknown,20,may,273,4,-1,0,unknown,no
34,blue-collar,married,secondary,no,120,yes,no,unknown,21,may,369,1,-1,0,unknown,no
33,admin.,single,secondary,no,892,yes,no,unknown,21,may,151,1,-1,0,unknown,no
35,blue-collar,married,primary,no,2730,yes,no,unknown,21,may,65,1,-1,0,unknown,no
38,services,married,secondary,no,-224,yes,yes,unknown,21,may,222,1,-1,0,unknown,no
37,admin.,single,tertiary,no,-898,yes,no,unknown,21,may,482,1,-1,0,unknown,no
34,management,divorced,tertiary,no,5754,yes,no,unknown,21,may,56,1,-1,0,unknown,no
39,blue-collar,married,primary,no,4146,yes,yes,unknown,21,may,353,1,-1,0,unknown,no
35,admin.,married,secondary,no,498,yes,no,unknown,21,may,248,1,-1,0,unknown,no
35,blue-collar,single,secondary,no,470,yes,no,unknown,21,may,123,1,-1,0,unknown,no
28,entrepreneur,single,tertiary,no,135,yes,no,unknown,21,may,195,1,-1,0,unknown,no
34,services,married,secondary,no,0,yes,no,unknown,21,may,872,5,-1,0,unknown,no
36,services,married,secondary,no,115,no,no,unknown,21,may,114,1,-1,0,unknown,no
41,technician,married,secondary,no,2490,yes,no,unknown,21,may,115,2,-1,0,unknown,no
33,admin.,single,secondary,no,1437,yes,no,unknown,21,may,641,1,-1,0,unknown,no
31,blue-collar,married,secondary,no,435,yes,no,unknown,21,may,204,1,-1,0,unknown,no
37,unemployed,married,primary,no,7005,yes,no,unknown,21,may,217,1,-1,0,unknown,no
35,technician,married,secondary,no,569,yes,no,unknown,21,may,487,5,-1,0,unknown,no
37,technician,single,secondary,no,1211,yes,no,unknown,21,may,795,1,-1,0,unknown,yes
27,blue-collar,married,secondary,no,1600,yes,no,unknown,21,may,135,1,-1,0,unknown,no
27,blue-collar,single,secondary,no,0,yes,no,unknown,21,may,504,1,-1,0,unknown,no
36,unemployed,married,secondary,no,-872,yes,yes,unknown,21,may,153,1,-1,0,unknown,no
37,blue-collar,single,secondary,no,2032,yes,no,unknown,21,may,158,2,-1,0,unknown,no
32,technician,single,tertiary,no,0,yes,no,unknown,21,may,250,2,-1,0,unknown,no
30,services,married,tertiary,no,1380,yes,no,unknown,21,may,294,2,-1,0,unknown,no
37,technician,married,secondary,no,5729,yes,no,unknown,21,may,303,3,-1,0,unknown,no
34,technician,single,secondary,no,951,yes,no,unknown,21,may,343,1,-1,0,unknown,no
39,retired,married,tertiary,no,855,yes,no,unknown,21,may,786,2,-1,0,unknown,no
32,blue-collar,single,secondary,no,1067,yes,no,unknown,21,may,39,2,-1,0,unknown,no
35,technician,single,tertiary,no,458,yes,no,unknown,21,may,1091,3,-1,0,unknown,no
27,services,married,secondary,no,1303,yes,yes,unknown,21,may,364,1,-1,0,unknown,no
33,management,married,tertiary,no,11149,yes,no,unknown,21,may,418,2,-1,0,unknown,no
33,self-employed,divorced,secondary,no,892,yes,no,unknown,21,may,316,1,-1,0,unknown,no
31,admin.,single,tertiary,no,1583,yes,no,unknown,21,may,207,1,-1,0,unknown,no
37,management,married,tertiary,no,547,yes,yes,unknown,21,may,143,1,-1,0,unknown,no
34,self-employed,married,secondary,no,-370,yes,no,unknown,21,may,748,1,-1,0,unknown,no
32,management,single,tertiary,no,728,yes,no,unknown,21,may,125,1,-1,0,unknown,no
28,unemployed,married,secondary,no,858,yes,no,unknown,21,may,371,1,-1,0,unknown,no
28,technician,single,secondary,no,2034,yes,no,unknown,21,may,196,1,-1,0,unknown,no
30,management,married,tertiary,no,527,yes,yes,unknown,21,may,265,1,-1,0,unknown,no
31,services,single,secondary,no,481,yes,no,unknown,21,may,114,2,-1,0,unknown,no
31,management,married,tertiary,no,1755,yes,no,unknown,21,may,588,2,-1,0,unknown,no
28,management,married,tertiary,no,395,no,no,unknown,21,may,178,1,-1,0,unknown,no
32,blue-collar,married,secondary,no,-325,yes,yes,unknown,21,may,171,1,-1,0,unknown,no
33,management,single,tertiary,no,541,yes,yes,unknown,21,may,572,1,-1,0,unknown,no
30,services,married,secondary,no,702,yes,no,unknown,21,may,573,1,-1,0,unknown,no
32,services,divorced,secondary,no,1156,yes,no,unknown,21,may,488,1,-1,0,unknown,no
30,technician,single,tertiary,no,1289,yes,no,unknown,21,may,1697,2,-1,0,unknown,yes
32,technician,single,tertiary,no,4665,yes,no,unknown,21,may,860,2,-1,0,unknown,yes
34,management,single,tertiary,no,2412,yes,no,unknown,21,may,154,2,-1,0,unknown,no
33,technician,single,secondary,no,313,yes,no,unknown,21,may,291,2,-1,0,unknown,no
35,blue-collar,married,primary,no,3468,yes,no,unknown,21,may,72,3,-1,0,unknown,no
24,blue-collar,single,secondary,no,171,yes,no,unknown,21,may,151,2,-1,0,unknown,no
38,blue-collar,single,primary,no,-100,yes,no,unknown,21,may,189,2,-1,0,unknown,no
35,technician,married,secondary,no,432,yes,no,unknown,21,may,1094,55,-1,0,unknown,no
39,blue-collar,married,secondary,no,5853,yes,no,unknown,21,may,210,2,-1,0,unknown,no
30,services,single,secondary,no,-838,yes,no,unknown,21,may,142,2,-1,0,unknown,no
46,management,single,tertiary,no,-867,yes,yes,unknown,21,may,222,5,-1,0,unknown,no
37,blue-collar,married,primary,no,543,yes,no,unknown,21,may,281,1,-1,0,unknown,no
32,technician,single,secondary,no,644,yes,yes,unknown,21,may,198,1,-1,0,unknown,no
33,services,married,secondary,no,881,yes,no,unknown,21,may,67,5,-1,0,unknown,no
48,blue-collar,married,primary,no,5366,yes,no,unknown,21,may,248,3,-1,0,unknown,no
33,technician,married,secondary,no,946,yes,no,unknown,21,may,163,2,-1,0,unknown,no
38,admin.,married,secondary,no,3732,yes,no,unknown,21,may,379,2,-1,0,unknown,no
32,technician,married,secondary,no,4174,yes,no,unknown,21,may,314,2,-1,0,unknown,no
37,management,married,tertiary,no,2205,no,no,unknown,21,may,85,4,-1,0,unknown,no
31,technician,married,secondary,no,510,yes,no,unknown,21,may,117,3,-1,0,unknown,no
28,services,single,secondary,no,115,yes,no,unknown,21,may,66,13,-1,0,unknown,no
31,services,single,secondary,no,629,yes,no,unknown,21,may,369,2,-1,0,unknown,no
36,blue-collar,married,secondary,no,342,yes,yes,unknown,21,may,88,3,-1,0,unknown,no
37,technician,single,secondary,no,3326,yes,no,unknown,21,may,799,1,-1,0,unknown,yes
34,services,married,secondary,no,286,yes,no,unknown,21,may,703,1,-1,0,unknown,no
34,management,married,tertiary,no,4170,yes,no,unknown,21,may,935,1,-1,0,unknown,no
33,admin.,married,secondary,no,1499,yes,no,unknown,21,may,144,2,-1,0,unknown,no
34,blue-collar,single,primary,no,245,yes,no,unknown,21,may,21,3,-1,0,unknown,no
36,blue-collar,married,primary,no,0,yes,no,unknown,21,may,59,2,-1,0,unknown,no
37,management,married,tertiary,no,0,yes,yes,unknown,21,may,72,5,-1,0,unknown,no
27,technician,married,secondary,no,-147,yes,yes,unknown,21,may,239,4,-1,0,unknown,no
46,blue-collar,married,secondary,no,2173,yes,no,unknown,21,may,98,5,-1,0,unknown,no
37,blue-collar,married,primary,no,1455,yes,no,unknown,21,may,165,2,-1,0,unknown,no
37,management,married,tertiary,no,412,yes,no,unknown,21,may,110,4,-1,0,unknown,no
37,management,married,tertiary,no,1813,yes,no,unknown,21,may,291,4,-1,0,unknown,no
27,services,single,secondary,no,259,yes,no,unknown,23,may,78,10,-1,0,unknown,no
32,blue-collar,married,secondary,yes,98,no,yes,unknown,23,may,174,1,-1,0,unknown,no
33,blue-collar,single,secondary,no,372,yes,no,unknown,23,may,92,1,-1,0,unknown,no
34,management,single,tertiary,no,0,yes,no,unknown,23,may,346,1,-1,0,unknown,no
33,entrepreneur,married,primary,no,165,yes,no,unknown,23,may,218,1,-1,0,unknown,no
31,technician,single,tertiary,no,1710,yes,no,unknown,23,may,385,1,-1,0,unknown,no
32,management,married,tertiary,no,2737,yes,yes,unknown,23,may,38,1,-1,0,unknown,no
30,blue-collar,single,secondary,no,435,yes,yes,unknown,23,may,128,1,-1,0,unknown,no
33,blue-collar,married,secondary,no,25,yes,no,unknown,23,may,3,3,-1,0,unknown,no
35,self-employed,divorced,tertiary,no,1354,yes,no,unknown,23,may,736,2,-1,0,unknown,yes
33,blue-collar,married,primary,no,392,yes,no,unknown,23,may,302,1,-1,0,unknown,no
37,technician,single,secondary,no,6714,yes,no,unknown,23,may,90,1,-1,0,unknown,no
30,technician,married,secondary,no,207,yes,no,unknown,23,may,72,2,-1,0,unknown,no
30,management,single,tertiary,no,3967,yes,no,unknown,23,may,534,1,-1,0,unknown,no
38,services,married,secondary,no,435,yes,no,unknown,23,may,193,2,-1,0,unknown,no
37,admin.,divorced,tertiary,no,4303,yes,no,unknown,23,may,168,1,-1,0,unknown,no
34,admin.,single,secondary,no,5547,yes,no,unknown,23,may,313,1,-1,0,unknown,no
33,technician,divorced,tertiary,no,-386,yes,no,unknown,23,may,530,1,-1,0,unknown,no
33,technician,single,secondary,no,177,yes,no,unknown,23,may,293,1,-1,0,unknown,no
34,admin.,single,secondary,no,1880,yes,no,unknown,23,may,297,1,-1,0,unknown,no
31,entrepreneur,single,secondary,no,159,yes,no,unknown,23,may,533,1,-1,0,unknown,no
31,admin.,single,tertiary,no,0,yes,yes,unknown,23,may,181,1,-1,0,unknown,no
31,entrepreneur,married,tertiary,no,0,yes,no,unknown,23,may,275,2,-1,0,unknown,no
32,blue-collar,married,primary,no,225,yes,no,unknown,23,may,23,1,-1,0,unknown,no
32,technician,single,tertiary,no,390,yes,no,unknown,23,may,85,1,-1,0,unknown,no
34,blue-collar,married,secondary,no,2495,yes,no,unknown,23,may,924,1,-1,0,unknown,yes
35,management,married,secondary,no,339,yes,no,unknown,23,may,317,1,-1,0,unknown,no
33,self-employed,married,tertiary,no,-355,yes,no,unknown,23,may,911,2,-1,0,unknown,no
47,technician,married,secondary,no,-401,yes,no,unknown,23,may,78,1,-1,0,unknown,no
32,blue-collar,married,primary,no,410,yes,no,unknown,23,may,115,2,-1,0,unknown,no
41,management,single,tertiary,no,16,no,no,unknown,23,may,95,1,-1,0,unknown,no
56,retired,married,secondary,no,397,yes,no,unknown,23,may,252,1,-1,0,unknown,no
51,management,divorced,secondary,no,-175,yes,yes,unknown,23,may,270,1,-1,0,unknown,no
42,admin.,single,secondary,no,61,yes,no,unknown,23,may,65,1,-1,0,unknown,no
29,blue-collar,single,secondary,no,208,yes,no,unknown,23,may,249,1,-1,0,unknown,no
24,technician,single,secondary,no,820,yes,no,unknown,23,may,665,1,-1,0,unknown,no
25,blue-collar,married,secondary,no,51,yes,no,unknown,23,may,76,2,-1,0,unknown,no
32,technician,single,tertiary,no,539,yes,yes,unknown,23,may,281,2,-1,0,unknown,no
33,services,divorced,secondary,yes,339,yes,no,unknown,23,may,496,4,-1,0,unknown,no
30,blue-collar,married,secondary,no,2080,yes,no,unknown,23,may,466,2,-1,0,unknown,no
45,management,married,tertiary,no,-319,yes,no,unknown,23,may,254,1,-1,0,unknown,no
38,technician,single,secondary,no,-591,yes,no,unknown,23,may,71,1,-1,0,unknown,no
37,services,divorced,secondary,no,239,yes,no,unknown,23,may,140,2,-1,0,unknown,no
47,services,married,secondary,no,382,yes,no,unknown,23,may,57,4,-1,0,unknown,no
41,technician,single,secondary,no,30,no,no,unknown,23,may,1003,1,-1,0,unknown,no
39,self-employed,divorced,secondary,no,0,yes,no,unknown,23,may,210,2,-1,0,unknown,no
27,admin.,married,secondary,no,-393,yes,yes,unknown,23,may,235,2,-1,0,unknown,no
33,blue-collar,married,secondary,no,-825,yes,no,unknown,23,may,228,2,-1,0,unknown,no
49,blue-collar,married,primary,no,3767,yes,no,unknown,23,may,493,13,-1,0,unknown,no
35,blue-collar,married,secondary,no,430,yes,no,unknown,23,may,147,50,-1,0,unknown,no
45,blue-collar,married,primary,no,0,no,no,unknown,23,may,574,5,-1,0,unknown,no
40,admin.,married,secondary,no,0,yes,no,unknown,23,may,193,2,-1,0,unknown,no
30,management,single,tertiary,no,3625,yes,no,unknown,23,may,469,2,-1,0,unknown,no
39,entrepreneur,divorced,secondary,no,1202,yes,no,unknown,23,may,364,2,-1,0,unknown,no
39,technician,divorced,secondary,no,1222,yes,no,unknown,23,may,451,4,-1,0,unknown,no
32,blue-collar,single,secondary,no,1342,yes,no,unknown,23,may,109,2,-1,0,unknown,no
34,blue-collar,single,secondary,no,128,yes,no,unknown,23,may,114,4,-1,0,unknown,no
30,management,single,tertiary,no,6,yes,no,unknown,23,may,274,2,-1,0,unknown,no
34,blue-collar,single,secondary,yes,-369,yes,no,unknown,23,may,353,2,-1,0,unknown,no
34,blue-collar,married,primary,no,157,yes,no,unknown,23,may,20,17,-1,0,unknown,no
33,blue-collar,married,secondary,no,1134,yes,no,unknown,23,may,304,2,-1,0,unknown,no
46,technician,divorced,secondary,no,772,yes,no,unknown,23,may,488,1,-1,0,unknown,no
37,technician,married,secondary,no,507,yes,yes,unknown,23,may,157,1,-1,0,unknown,no
58,retired,married,primary,no,0,yes,no,unknown,23,may,138,6,-1,0,unknown,no
36,management,single,tertiary,no,876,yes,no,unknown,23,may,241,2,-1,0,unknown,no
48,management,divorced,tertiary,no,851,no,yes,unknown,23,may,937,3,-1,0,unknown,no
35,admin.,single,secondary,no,91,yes,no,unknown,23,may,185,4,-1,0,unknown,no
37,admin.,single,secondary,no,192,yes,no,unknown,23,may,105,2,-1,0,unknown,no
39,self-employed,married,secondary,no,31,yes,no,unknown,23,may,146,4,-1,0,unknown,no
44,admin.,married,secondary,no,0,yes,no,unknown,23,may,82,2,-1,0,unknown,no
51,admin.,married,secondary,no,3,no,yes,unknown,23,may,259,2,-1,0,unknown,no
30,blue-collar,married,secondary,no,2150,yes,no,unknown,23,may,465,4,-1,0,unknown,no
40,technician,married,secondary,no,5517,yes,no,unknown,23,may,146,13,-1,0,unknown,no
32,blue-collar,married,secondary,no,523,yes,no,unknown,23,may,116,5,-1,0,unknown,no
33,management,divorced,tertiary,no,471,no,no,unknown,23,may,215,4,-1,0,unknown,no
